CASE_ID,ACCIDENT_YEAR,PROC_DATE,JURIS,COLLISION_DATE,COLLISION_TIME,OFFICER_ID,REPORTING_DISTRICT,DAY_OF_WEEK,CHP_SHIFT,POPULATION,CNTY_CITY_LOC,SPECIAL_COND,BEAT_TYPE,CHP_BEAT_TYPE,CITY_DIVISION_LAPD,CHP_BEAT_CLASS,BEAT_NUMBER,PRIMARY_RD,SECONDARY_RD,DISTANCE,DIRECTION,INTERSECTION,WEATHER_1,WEATHER_2,STATE_HWY_IND,CALTRANS_COUNTY,CALTRANS_DISTRICT,STATE_ROUTE,ROUTE_SUFFIX,POSTMILE_PREFIX,POSTMILE,LOCATION_TYPE,RAMP_INTERSECTION,SIDE_OF_HWY,TOW_AWAY,COLLISION_SEVERITY,NUMBER_KILLED,NUMBER_INJURED,PARTY_COUNT,PRIMARY_COLL_FACTOR,PCF_CODE_OF_VIOL,PCF_VIOL_CATEGORY,PCF_VIOLATION,PCF_VIOL_SUBSECTION,HIT_AND_RUN,TYPE_OF_COLLISION,MVIW,PED_ACTION,ROAD_SURFACE,ROAD_COND_1,ROAD_COND_2,LIGHTING,CONTROL_DEVICE,CHP_ROAD_TYPE,PEDESTRIAN_ACCIDENT,BICYCLE_ACCIDENT,MOTORCYCLE_ACCIDENT,TRUCK_ACCIDENT,NOT_PRIVATE_PROPERTY,ALCOHOL_INVOLVED,STWD_VEHTYPE_AT_FAULT,CHP_VEHTYPE_AT_FAULT,COUNT_SEVERE_INJ,COUNT_VISIBLE_INJ,COUNT_COMPLAINT_PAIN,COUNT_PED_KILLED,COUNT_PED_INJURED,COUNT_BICYCLIST_KILLED,COUNT_BICYCLIST_INJURED,COUNT_MC_KILLED,COUNT_MC_INJURED,PRIMARY_RAMP,SECONDARY_RAMP,LATITUDE,LONGITUDE,COUNTY,CITY,POINT_X,POINT_Y
6291891,2014,2015-02-02,3501,2014-10-01,1738,10785,3501,3,5,4,3501,0,0,0,,0,DAY,"SAN FELIPE RD","LGT POLE 881-100",645.00,S,N,A,-,N,,,,,,,,,,Y,1,1,0,1,B,-,22,,,N,F,J,A,A,H,-,A,D,0,,,,,Y,,-,"- ",0,0,0,0,0,0,0,0,0,"- ","- ",,,"SAN BENITO",HOLLISTER,,
8636134,2018,2018-06-25,3501,2018-03-15,1502,10916,3501,4,5,4,3501,0,0,0,,0,DAY,"SAN FELIPE RD","GATEWAY DR",187.00,S,N,A,-,N,,,,,,,,,,Y,2,0,2,4,A,-,08,22107,,N,A,E,A,A,H,-,A,D,0,,,,,Y,,D,22,1,1,0,0,0,0,0,0,0,"- ","- ",,,"SAN BENITO",HOLLISTER,-121.40167999267578,36.861396789550781
9468842,2023,2023-09-12,3501,2023-06-25,"143 ",11159,3501,7,5,4,3501,0,0,0,,0,GRA,"BUENA VISTA RD","GONZALEZ DR",20.00,E,N,A,-,N,,,,,,,,,,N,2,0,1,1,D,-,00,,,N,H,A,A,A,H,-,C,D,0,,,Y,,Y,Y,-,"- ",1,0,0,0,0,0,0,0,1,"- ","- ",,,"SAN BENITO",HOLLISTER,-121.42216491699219,36.857479095458984
92018498,2023,2023-03-15,9725,2023-03-04,2050,022985,,6,2,4,3501,0,3,5,,2,005,"MCCLOSKEY ROAD","SAN FELIPE ROAD",1320.00,E,N,B,C,N,,,,,,,,,,N,2,0,1,1,A,-,01,23152,A,N,G,B,A,B,H,-,C,D,0,,,,,Y,Y,A,07,1,0,0,0,0,0,0,0,0,"- ","- ",36.869251251220703,-121.39620208740234,"SAN BENITO",HOLLISTER,-121.39658355712891,36.869178771972656
92021050,2023,2023-03-17,9725,2023-03-07,2255,022869,,2,3,9,3500,0,1,2,,1,056,"US-101 N/B","SAN JUAN RD",3696.00,N,N,A,-,Y,SBT,,101," "," ",0.831,H,,R,Y,2,0,1,1,A,-,08,22107,,N,E,8,A,A,H,-,D,D,0,,,,,Y,,A,01,1,0,0,0,0,0,0,0,0,"- ","- ",36.862720489501953,-121.61672973632812,"SAN BENITO",UNINCORPORATED,-121.61673736572266,36.862754821777344
91706839,2022,2022-03-18,9725,2022-02-18,1330,018458,,5,1,9,3500,0,1,3,,2,053,SR-156,"LUCY BROWN ROAD",2500.00,E,N,A,-,Y,SBT,,156,,,4.577,H,,R,Y,1,1,0,1,A,-,08,22107,,N,E,I,A,A,H,-,A,D,0,,,,,Y,,A,01,0,0,0,0,0,0,0,0,0,"- ","- ",36.841239929199219,-121.50569152832031,"SAN BENITO",UNINCORPORATED,-121.50569152832031,36.841224670410156
91896451,2022,2022-10-21,9725,2022-10-15,1600,022985,,6,2,4,3501,0,2,4,,1,052,"FAIRVIEW ROAD NORTHBOUND","LISA LANE",150.00,N,N,A,-,N,,,,,,,,,,N,2,0,1,1,A,-,03,22350,,N,F,A,A,A,A,-,A,D,0,,,,,Y,,A,07,1,0,0,0,0,0,0,0,0,"- ","- ",36.909969329833984,-121.36640167236328,"SAN BENITO",HOLLISTER,-121.36640930175781,36.909927368164062
90421688,2017,2017-03-27,9725,2017-03-25,2030,021660,,6,2,9,3500,0,1,3,,2,053,SR-156,"LUCY BROWN LN",318.00,W,N,B,-,Y,,,156,,,,,,,Y,2,0,2,2,A,-,01,23152,A,N,E,I,A,A,H,-,D,D,0,,,,,Y,Y,A,01,1,0,1,0,0,0,0,0,0,"- ","- ",36.841290000000001,-121.50963,"SAN BENITO",UNINCORPORATED,-121.50962848,36.84119329
90639706,2017,2019-05-24,9725,2017-09-23,0739,018473,,6,1,9,3500,0,3,5,,2,005,"FRAZER LAKE RD.","SHORE RD.",0.00,,Y,A,-,Y,,,,,,,,,,Y,1,2,4,3,A,-,12,22450,A,N,D,C,A,A,H,-,B,A,0,,,,Y,Y,,A,01,0,2,2,0,0,0,0,0,0,"- ","- ",36.938499999999998,-121.45652,"SAN BENITO",UNINCORPORATED,-121.45653994,36.938600020000003
92223043,2023,2023-10-31,9725,2023-09-24,2210,022334,,7,3,9,3500,0,1,3,,2,055,"STATE ROUTE-156","SAN FELIPE ROAD",0.00,,Y,A,-,N,,,,,,,,,,Y,1,1,1,2,A,-,12,21453,A,N,D,2,A,A,H,-,C,D,0,,,,,Y,,A,01,0,0,1,0,0,0,0,0,0,"- ","- ",36.907920837402344,-121.40395355224609,"SAN BENITO",UNINCORPORATED,-121.40392303466797,36.907867431640625
90087773,2016,2016-01-04,9725,2016-01-03,0900,019331,,7,1,9,3500,0,3,5,,2,005,"PINOCHE RD","COTTONWOOD RD",15840.00,E,N,A,-,N,,,,,,,,,,Y,2,0,2,1,A,-,01,23152,A,N,F,A,A,A,H,-,A,D,0,,,,,Y,Y,A,07,1,1,0,0,0,0,0,0,0,"- ","- ",36.672150000000002,-121.18749,"SAN BENITO",UNINCORPORATED,-121.18919486,36.673131939999998
9211570,2020,2021-02-04,3501,2020-12-30,2139,11060,3501,3,5,4,3501,0,0,0,,0,GRA,"BROWNS ALY","MONTEREY ST",71.00,W,N,B,-,N,,,,,,,,,,Y,1,1,0,1,A,-,08,22107,,N,E,I,A,A,A,B,D,D,0,,,,,Y,Y,A,01,0,0,0,0,0,0,0,0,0,"- ","- ",,,"SAN BENITO",HOLLISTER,-121.40415191650391,36.849933624267578
92037504,2023,2023-04-05,9725,2023-03-26,"100 ",022608,,7,3,9,3500,0,1,2,,1,056,"US-101 SOUTHBOUND",SR-129,3168.00,N,N,A,-,Y,SBT,,101," "," ",5.517,H,,L,Y,2,0,1,1,A,-,01,23152,A,N,E,I,A,A,H,-,D,D,0,,,,,Y,Y,A,01,1,0,0,0,0,0,0,0,0,"- ","- ",36.890701293945312,-121.5570068359375,"SAN BENITO",UNINCORPORATED,-121.55704498291016,36.890712738037109
9124038,2020,2020-11-04,3501,2020-05-24,0029,11047,3501,7,5,4,3501,0,0,0,,0,GRA,"SAN BENITO","SOUTH ST",5.00,N,N,A,-,N,,,,,,,,,,Y,2,0,1,1,A,-,03,22350,,N,E,J,A,A,H,-,D,A,0,,,,,Y,,A,01,1,0,0,0,0,0,0,0,0,"- ","- ",,,"SAN BENITO",HOLLISTER,-121.40219116210938,36.848354339599609
92175352,2023,2023-09-20,9725,2023-09-09,2020,022827,,6,2,9,3500,0,1,3,,2,053,SR-156,"BIXBY RD",50.00,E,N,A,-,Y,SBT,,156," "," ",5.462,H,,R,Y,2,0,3,3,A,-,01,23152,A,N,A,C,A,A,H,-,D,D,0,,,,,Y,Y,A,01,2,0,1,0,0,0,0,0,0,"- ","- ",36.841449737548828,-121.48976135253906,"SAN BENITO",UNINCORPORATED,-121.48976135253906,36.841445922851562
92410751,2024,2024-06-10,9725,2024-06-06,"630 ",021321,,4,1,9,3500,0,2,4,,1,052,"SHORE RD","FRAZER LAKE RD",0.00,,Y,A,-,N,,,,,,,,,,N,2,0,1,2,A,-,09,21802,A,N,D,C,A,A,H,-,A,D,0,,,,,Y,,A,01,1,0,0,0,0,0,0,0,0,"- ","- ",36.9385986328125,-121.45649719238281,"SAN BENITO",UNINCORPORATED,-121.45653533935547,36.938602447509766
6647733,2014,2015-12-03,3501,2014-07-05,1644,10768,3501,6,5,4,3501,0,0,0,,0,DAY,"SUNNYSLOPE RD","SUNNYSLOPE LN",20.00,W,N,A,-,N,,,,,,,,,,Y,2,0,1,1,A,-,03,22350,,N,E,J,A,A,H,-,A,D,0,,,Y,,Y,,C,02,1,0,0,0,0,0,0,0,1,"- ","- ",,,"SAN BENITO",HOLLISTER,-121.37097473,36.838722349999998
9320369,2021,2022-02-09,3501,2021-11-12,0404,1125,3501,5,5,4,3501,0,0,0,,0,GRA,"SAN FELIPE RD","MCCLOSKEY RD",0.00,,Y,A,-,N,,,,,,,,,,N,1,1,0,2,A,-,11,21954,A,N,G,B,D,A,H,-,C,A,0,Y,,,,Y,,N,60,0,0,0,1,0,0,0,0,0,"- ","- ",,,"SAN BENITO",HOLLISTER,-121.40109252929688,36.869373321533203
91114952,2019,2019-11-06,9725,2019-10-28,0600,014585,,1,1,9,3500,0,1,3,,1,054,"SR-25 N/B","SHORE RD.",500.00,S,N,A,-,Y,,,25,,,,,,N,Y,2,0,2,2,A,-,03,22350,,N,C,C,A,A,H,-,C,D,0,,,,,Y,,D,22,1,1,0,0,0,0,0,0,0,"- ","- ",36.930591583251953,-121.47445678710938,"SAN BENITO",UNINCORPORATED,-121.47451019287109,36.93048095703125
91387310,2021,2021-01-14,9725,2021-01-06,0630,018458,,3,1,9,3500,0,1,2,,1,056,"US-101 N/B","SAN BENITO RIVER BRIDGE BR43-004R PM5.21",48.00,S,N,E,-,Y,,,101,,,,,,N,Y,2,0,1,1,A,-,08,22107,,N,E,I,A,A,H,-,D,D,0,,,,,Y,,D,22,1,0,0,0,0,0,0,0,0,"- ","- ",36.886928558349609,-121.55908203125,"SAN BENITO",UNINCORPORATED,-121.55900573730469,36.886886596679688
94581922,2025,2025-02-18,9725,2025-01-20,"810 ",024210,,1,1,9,3500,0,1,3,,2,053,"SR-156 WESTBOUND","ROCKS ROAD",0.00,,Y,A,-,Y,SBT,,156," "," ",0.782,H,,L,N,2,0,1,2,A,-,09,21802,A,N,H,G,A,A,H,-,A,A,0,,Y,,,Y,,D,22,1,0,0,0,0,0,1,0,0,"- ","- ",36.853950500488281,-121.56944274902344,"SAN BENITO",UNINCORPORATED,-121.56925964355469,36.854084014892578
6854155,2015,2017-04-20,9725,2015-01-24,1820,19415,,6,2,9,3500,0,2,4,,1,052,"SHORE RD","FRYE LN",200.00,W,N,A,-,N,,,,,,,,,,Y,1,1,0,2,A,-,11,21956,A,N,G,B,E,A,H,-,D,D,0,Y,,,,Y,Y,N,60,0,0,0,1,0,0,0,0,0,"- ","- ",36.940989999999999,-121.42917,"SAN BENITO",UNINCORPORATED,-121.4276886,36.940841579999997
90768773,2018,2018-07-13,9725,2018-07-06,1211,019215,,5,1,9,3500,0,1,2,,1,056,"US-101 S/B","ANZAR RD",2500.00,S,N,A,-,Y,,,101,,,,,,S,Y,2,0,4,3,A,-,03,22350,,N,C,C,A,A,H,-,A,D,0,,,,,Y,,A,07,1,0,3,0,0,0,0,0,0,"- ","- ",36.869338989257812,-121.57317352294922,"SAN BENITO",UNINCORPORATED,-121.57315063476562,36.869327545166016
91517839,2021,2021-07-12,9725,2021-07-08,1710,021837,,4,2,4,3501,0,2,4,,1,052,"FAIRVIEW ROAD","SPRING GROVE ROAD",1056.00,N,N,A,-,N,,,,,,,,,,N,2,0,2,2,A,-,01,23152,A,N,A,C,A,A,H,-,A,D,0,,,,,Y,Y,A,07,1,1,0,0,0,0,0,0,0,"- ","- ",36.913810729980469,-121.36827850341797,"SAN BENITO",HOLLISTER,-121.36847686767578,36.914176940917969
6709934,2014,2016-05-09,9725,2014-10-26,1930,19838,,7,2,9,3500,0,1,3,,1,054,"RT 25","FLYNN RD",252.00,N,N,A,-,Y,SBT,5,25,-,-,52.960,H,-,N,Y,2,0,2,3,A,-,09,21801,A,N,D,C,A,A,H,-,C,D,0,,,,,Y,,A,01,1,0,1,0,0,0,0,0,0,"- ","- ",36.882779999999997,-121.41605,"SAN BENITO",UNINCORPORATED,-121.4158314,36.882516350000003
9625761,2023,2023-10-16,3501,2023-08-08,"620 ",11108,3501,2,5,4,3501,0,0,0,,0,DAY,"4TH ST","MONTEREY ST",10.00,W,N,B,-,N,,,,,,,,,,Y,2,0,2,2,A,-,12,22450,A,N,A,C,A,A,H,-,B,D,0,,,,,Y,,A,01,1,0,1,0,0,0,0,0,0,"- ","- ",,,"SAN BENITO",HOLLISTER,-121.40389251708984,36.852550506591797
91111240,2019,2019-11-01,9725,2019-10-25,2125,022112,,5,2,9,3500,0,1,2,,1,056,"US-101 N/B FROM SR-156",SR-156,414.00,N,N,A,-,Y,,,101,,,,R,,N,Y,2,0,1,1,A,-,01,23152,A,N,E,I,A,A,H,-,D,D,0,,,,,Y,Y,D,22,1,0,0,0,0,0,0,0,0,"- ","- ",36.862251281738281,-121.5780029296875,"SAN BENITO",UNINCORPORATED,-121.5780029296875,36.862251281738281
91914627,2022,2022-11-10,9725,2022-11-03,1330,018458,,4,1,9,3500,0,1,3,,1,054,SR-25,SR-156,0.00,,Y,A,-,Y,SBT,,25,,,54.045,H,,R,Y,2,0,2,2,A,-,12,21453,A,N,A,C,A,A,H,-,A,A,0,,,,,Y,,A,01,1,1,0,0,0,0,0,0,0,"- ","- ",36.89556884765625,-121.42729949951172,"SAN BENITO",UNINCORPORATED,-121.42731475830078,36.895557403564453
6759779,2014,2015-01-26,9725,2014-11-29,0613,18473,,6,1,9,3500,0,2,4,,1,052,"FAIRVIEW RD","MCCLOSKEY RD",466.00,N,N,B,-,N,,,,,,,,,,Y,2,0,4,2,A,-,05,21460,A,N,A,C,A,A,H,-,D,D,0,,,,,Y,,A,01,2,1,1,0,0,0,0,0,0,"- ","- ",36.868310000000001,-121.36391999999999,"SAN BENITO",UNINCORPORATED,-121.36367174,36.86952007
8939438,2019,2021-05-24,3501,2019-10-17,1632,10998,3501,4,5,4,3501,0,0,0,,0,DAY,"MCCRAY ST","4TH ST",247.00,S,N,-,-,N,,,,,,,,,,N,1,1,0,1,A,-,03,22350,,N,H,A,A,-,-,-,-,D,0,,,Y,,Y,Y,C,02,0,0,0,0,0,0,0,1,0,"- ","- ",,,"SAN BENITO",HOLLISTER,-121.39864349365234,36.851821899414062
91812020,2022,2022-07-07,9725,2022-03-19,2248,022111,,6,3,9,3500,0,1,3,,2,053,SR-156,"FLINT ROAD",581.00,E,N,B,-,Y,SBT,,156,,,6.844,H,,R,Y,1,2,5,3,A,-,08,22107,,N,A,C,A,B,H,-,D,D,0,,,,,Y,,A,01,0,1,4,0,0,0,0,0,0,"- ","- ",36.841709136962891,-121.46489715576172,"SAN BENITO",UNINCORPORATED,-121.46489715576172,36.841705322265625
90089247,2015,2016-03-11,9725,2015-11-16,1750,020742,,1,2,9,3500,0,3,5,,2,005,"MCCLOSKEY RD","ISABEL LN",35.00,W,N,A,-,N,,,,,,,,,,Y,2,0,2,2,A,-,09,21802,A,F,B,C,A,A,H,-,D,D,0,,,,,Y,,A,01,1,1,0,0,0,0,0,0,0,"- ","- ",36.868470000000002,-121.37684,"SAN BENITO",UNINCORPORATED,-121.37591953,36.868384550000002
9012719,2019,2020-02-03,3501,2019-11-30,1716,10993,3501,6,5,4,3501,0,0,0,,0,GRA,"MONTEREY ST","PALMTAG DR",52.00,N,N,-,-,N,,,,,,,,,,Y,2,0,1,2,A,-,11,21950,B,N,G,B,D,-,-,-,-,D,0,Y,,,,Y,,N,60,1,0,0,0,1,0,0,0,0,"- ","- ",,,"SAN BENITO",HOLLISTER,-121.40423583984375,36.841312408447266
91646732,2021,2021-12-08,9725,2021-08-13,0712,019331,,5,1,9,3500,0,1,3,,2,055,SR-156,"BARNHEISEL ROAD",2112.00,W,N,A,-,Y,,,156,,,,,,,Y,1,1,1,2,A,-,05,21460,A,N,A,2,A,A,H,-,A,D,0,,,,Y,Y,,D,22,0,0,1,0,0,0,0,0,0,"- ","- ",36.953159332275391,-121.38249969482422,"SAN BENITO",UNINCORPORATED,-121.38254547119141,36.953155517578125
9257524,2021,2021-04-30,3501,2021-03-23,1858,11106,3501,2,5,4,3501,0,0,0,,0,GRA,"INDUSTRIAL DR","LIGHT POST 805",27.00,S,N,A,-,N,,,,,,,,,,Y,2,0,1,2,A,-,06,21750,,N,D,C,A,A,H,-,A,D,0,,,Y,,Y,,C,02,1,0,0,0,0,0,0,0,1,"- ","- ",,,"SAN BENITO",HOLLISTER,,
8429841,2017,2017-08-18,3501,2017-06-30,1340,01493,3501,5,5,4,3501,0,0,0,,0,DAY,"SAN FELIPE RD","GATEWAY DR",0.00,,Y,A,-,N,,,,,,,,,,Y,2,0,1,2,A,-,09,21801,A,N,D,C,A,A,H,-,A,D,0,,,Y,,Y,,A,01,1,0,0,0,0,0,0,0,1,"- ","- ",,,"SAN BENITO",HOLLISTER,-121.40164999,36.861910010000003
8694242,2018,2018-09-19,3501,2018-04-30,2123,10950,3501,1,5,4,3501,0,0,0,,0,GRA,"SAN FELIPE RD","FLYNN RD",580.00,S,N,A,-,N,,,,,,,,,,Y,2,0,1,2,A,-,03,22350,,N,C,C,A,A,H,-,D,D,0,,,,Y,Y,,D,22,1,0,0,0,0,0,0,0,0,"- ","- ",,,"SAN BENITO",HOLLISTER,-121.40053558349609,36.880008697509766
90627915,2017,2017-12-27,9725,2017-12-14,1130,021811,,4,1,9,3500,0,1,2,,1,056,"US-101 N/B","ROCKS RD.",10.00,S,N,A,-,Y,,,101,,,,,,N,Y,2,0,1,2,A,-,07,21658,A,N,C,C,A,A,H,-,A,D,0,,,,,Y,,A,07,1,0,0,0,0,0,0,0,0,"- ","- ",36.859610000000004,-121.6041,"SAN BENITO",UNINCORPORATED,-121.60410096,36.85960163
92100340,2023,2023-06-23,9725,2023-06-11,"0   ",022985,,7,3,4,3501,0,1,3,,1,054,SR-25,"BOLSA ROAD",6072.00,S,N,A,-,Y,SBT,,25," "," ",59.557,H,,R,Y,2,0,1,2,A,-,01,23152,A,N,C,C,A,A,H,-,D,D,0,,,Y,,Y,Y,C,02,1,0,0,0,0,0,0,0,1,"- ","- ",36.944400787353516,-121.50389099121094,"SAN BENITO",HOLLISTER,-121.50390625,36.944381713867188
90579385,2017,2017-10-26,9725,2017-10-06,1934,019887,,5,2,9,3500,0,1,3,,1,054,SR-25,"SBT/SCL COUNTY LINE",1283.00,S,N,A,-,Y,,,25,,,,,,,Y,2,0,1,2,A,-,08,22107,,N,F,A,A,A,H,-,D,D,0,,,Y,,Y,,C,02,1,0,0,0,0,0,0,0,1,"- ","- ",36.946060000000003,-121.50758,"SAN BENITO",UNINCORPORATED,-121.50755626,36.946110470000001
6665928,2014,2016-05-04,9725,2014-09-14,1235,019838,,7,1,9,3500,0,1,3,,1,051,"RT 25","LA GLORIA RD",1056.00,S,N,A,-,Y,SBT,5,25,-,-,25.810,H,-,S,Y,2,0,1,1,A,-,08,22107,,N,F,A,A,A,H,-,A,D,0,,,Y,,Y,,C,02,1,0,0,0,0,0,0,0,1,"- ","- ",36.564259999999997,-121.18089000000001,"SAN BENITO",UNINCORPORATED,-121.18067089,36.564190930000002
90547413,2017,2017-09-14,9725,2017-09-08,1640,021618,,5,2,9,3500,0,3,5,,2,007,"UNION ROAD","GENEIL CT.",612.00,E,N,A,-,N,,,,,,,,,,Y,2,0,2,2,A,-,08,22107,,N,F,A,A,A,H,-,A,D,0,,,,,Y,Y,A,01,2,0,0,0,0,0,0,0,0,"- ","- ",36.835129999999999,-121.44179,"SAN BENITO",UNINCORPORATED,-121.44045346,36.834495969999999
92205031,2023,2023-10-20,9725,2023-09-17,1550,022339,,7,2,9,3500,0,1,3,,1,054,"NEW IDRIA ROAD","PANOCHE ROAD",63360.00,S,N,A,-,N,,,,,,,,,,Y,1,1,0,1,A,-,08,22107,,N,F,D,A,A,H,-,A,D,0,,,Y,,Y,,C,06,0,0,0,0,0,0,0,1,0,"- ","- ",36.466510772705078,-121.72949981689453,"SAN BENITO",UNINCORPORATED,-120.76490783691406,36.476783752441406
90246595,2016,2016-08-17,9725,2016-08-03,1250,014585,,3,1,9,3500,0,1,3,,1,051,SR-25,"TRES PINOS CREEK",3168.00,S,N,A,-,Y,,,25,,,,,,,Y,2,0,1,1,A,-,08,22107,,N,E,I,A,A,H,-,A,D,0,,,,,Y,,D,22,1,0,0,0,0,0,0,0,0,"- ","- ",36.75665,-121.29543,"SAN BENITO",UNINCORPORATED,-121.29535623,36.756692700000002
90680561,2018,2018-03-13,9725,2018-03-07,2145,021774,,3,2,9,3500,0,3,5,,2,007,"SAN JUSTO RD","ANZAR RD",1020.00,E,N,A,-,N,,,,,,,,,,Y,2,0,1,1,A,-,08,22107,,N,E,I,A,A,H,-,C,D,0,,,,,Y,,D,22,1,0,0,0,0,0,0,0,0,"- ","- ",36.874458312988281,-121.55300903320312,"SAN BENITO",UNINCORPORATED,-121.55194854736328,36.873123168945312
91931492,2022,2022-12-01,9725,2022-09-29,1610,022339,,4,2,9,3500,0,3,5,,2,005,"FRAZIER LAKE ROAD","SHORE ROAD",7392.00,N,N,A,-,N,,,,,,,,,,Y,1,1,0,2,A,-,05,21460,A,N,D,C,A,A,H,-,A,D,0,,,Y,,Y,,C,02,0,0,0,0,0,0,0,1,0,"- ","- ",36.952079772949219,-121.47454071044922,"SAN BENITO",UNINCORPORATED,-121.47517395019531,36.952003479003906
90783339,2018,2018-08-02,9725,2018-08-01,0730,022111,,3,1,9,3500,0,1,3,,2,053,"SR-156 E/B","MUCKELEMI ST.",1166.00,W,N,A,-,Y,,,,,,,,,,Y,2,0,1,1,A,-,08,22107,,N,E,I,A,A,H,-,A,D,0,,,,,Y,,D,22,1,0,0,0,0,0,0,0,0,"- ","- ",36.504871368408203,-121.32540130615234,"SAN BENITO",UNINCORPORATED,-121.55130004882812,36.847438812255859
91482004,2021,2021-05-27,9725,2021-05-17,2045,021159,,1,2,9,3500,0,3,5,,2,007,"SAN JUSTO RD","SAN JUAN HWY",528.00,E,N,A,-,Y,,,,,,,,,,Y,2,0,1,2,A,-,03,22350,,N,D,C,A,A,H,-,D,D,0,,,,,Y,,D,22,1,0,0,0,0,0,0,0,0,"- ","- ",36.873760223388672,-121.55242919921875,"SAN BENITO",UNINCORPORATED,-121.55339813232422,36.874992370605469
94426599,2024,2024-10-10,9725,2024-10-05,1104,022827,,6,1,9,3500,0,1,3,,1,054,SR-25,"BOLSA RD",4224.00,S,N,A,-,Y,SBT,,25," "," ",59.900,H,,R,N,2,0,2,1,A,-,08,22107,,N,E,I,A,A,H,-,A,D,0,,,Y,,Y,,C,02,1,0,1,0,0,0,0,0,2,"- ","- ",36.946868896484375,-121.50926971435547,"SAN BENITO",UNINCORPORATED,-121.50924682617188,36.946907043457031
91467823,2021,2021-05-07,9725,2021-01-21,2000,021837,,4,2,9,3500,0,3,5,,2,007,"UNION ROAD","UNION HEIGHTS DRIVE",528.00,W,N,A,-,N,,,,,,,,,,Y,1,1,0,2,A,-,08,22107,,N,E,I,A,A,H,-,D,D,0,,,,,Y,,D,22,0,0,0,0,0,0,0,0,0,"- ","- ",36.829471588134766,-121.43212127685547,"SAN BENITO",UNINCORPORATED,-121.43148040771484,36.828922271728516
90793816,2018,2018-08-20,9725,2018-08-11,0623,018473,,6,1,9,3500,0,3,5,,2,007,"UNION RD.","UNION HEIGHTS DR.",528.00,E,N,A,-,N,,,,,,,,,,Y,2,0,1,1,A,-,08,22107,,N,E,I,A,A,H,-,B,D,0,,,,,Y,Y,D,22,1,0,0,0,0,0,0,0,0,"- ","- ",36.826450347900391,-121.42904663085938,"SAN BENITO",UNINCORPORATED,-121.42922973632812,36.82666015625
7122496,2015,2015-11-30,3501,2015-09-26,1353,10795,3501,6,5,4,3501,0,0,0,,0,,"HILLCREST RD","MEMORIAL DR",0.00,,Y,A,-,N,,,,,,,,,,Y,2,0,1,2,A,-,09,21801,A,N,A,C,A,A,H,-,A,D,0,,,,,Y,,A,01,1,0,0,0,0,0,0,0,0,"- ","- ",,,"SAN BENITO",HOLLISTER,-121.38375995,36.847490059999998
7190250,2016,2018-09-27,3501,2016-05-17,1533,10950,3501,2,5,4,3501,0,0,0,,0,,"PARK ST","PROSPECT AV",299.00,W,N,A,-,N,,,,,,,,,,Y,1,1,0,1,D,-,00,,,N,E,I,A,A,H,-,A,A,0,,,,,Y,,-,"- ",0,0,0,0,0,0,0,0,0,"- ","- ",,,"SAN BENITO",HOLLISTER,-121.39510118,36.843441140000003
90790396,2018,2018-08-14,9725,2018-06-30,1855,021530,,6,2,9,3500,0,2,4,,1,052,"FAIRVIEW RD","MARANATHA DR",33.00,S,N,A,-,N,,,,,,,,,,Y,1,1,0,1,A,-,08,22107,,N,E,I,A,A,H,-,A,D,0,,,,,Y,,A,01,0,0,0,0,0,0,0,0,0,"- ","- ",36.826000213623047,-121.36370086669922,"SAN BENITO",UNINCORPORATED,-121.36357116699219,36.82598876953125
92278309,2023,2024-01-03,9725,2023-12-25,1923,023169,,1,2,9,3500,0,1,3,,2,053,"SR-156 W/B","BUENA VISTA RD",0.00,,Y,B,-,Y,SBT,,156," ",R,8.920,H,,L,Y,2,0,1,2,A,-,09,21802,A,N,D,C,A,A,H,-,C,A,0,,,Y,,Y,,C,02,1,0,0,0,0,0,0,0,1,"- ","- ",36.863780975341797,-121.44405364990234,"SAN BENITO",UNINCORPORATED,-121.44403839111328,36.863777160644531