CASE_ID,ACCIDENT_YEAR,PROC_DATE,JURIS,COLLISION_DATE,COLLISION_TIME,OFFICER_ID,REPORTING_DISTRICT,DAY_OF_WEEK,CHP_SHIFT,POPULATION,CNTY_CITY_LOC,SPECIAL_COND,BEAT_TYPE,CHP_BEAT_TYPE,CITY_DIVISION_LAPD,CHP_BEAT_CLASS,BEAT_NUMBER,PRIMARY_RD,SECONDARY_RD,DISTANCE,DIRECTION,INTERSECTION,WEATHER_1,WEATHER_2,STATE_HWY_IND,CALTRANS_COUNTY,CALTRANS_DISTRICT,STATE_ROUTE,ROUTE_SUFFIX,POSTMILE_PREFIX,POSTMILE,LOCATION_TYPE,RAMP_INTERSECTION,SIDE_OF_HWY,TOW_AWAY,COLLISION_SEVERITY,NUMBER_KILLED,NUMBER_INJURED,PARTY_COUNT,PRIMARY_COLL_FACTOR,PCF_CODE_OF_VIOL,PCF_VIOL_CATEGORY,PCF_VIOLATION,PCF_VIOL_SUBSECTION,HIT_AND_RUN,TYPE_OF_COLLISION,MVIW,PED_ACTION,ROAD_SURFACE,ROAD_COND_1,ROAD_COND_2,LIGHTING,CONTROL_DEVICE,CHP_ROAD_TYPE,PEDESTRIAN_ACCIDENT,BICYCLE_ACCIDENT,MOTORCYCLE_ACCIDENT,TRUCK_ACCIDENT,NOT_PRIVATE_PROPERTY,ALCOHOL_INVOLVED,STWD_VEHTYPE_AT_FAULT,CHP_VEHTYPE_AT_FAULT,COUNT_SEVERE_INJ,COUNT_VISIBLE_INJ,COUNT_COMPLAINT_PAIN,COUNT_PED_KILLED,COUNT_PED_INJURED,COUNT_BICYCLIST_KILLED,COUNT_BICYCLIST_INJURED,COUNT_MC_KILLED,COUNT_MC_INJURED,PRIMARY_RAMP,SECONDARY_RAMP,LATITUDE,LONGITUDE,COUNTY,CITY,POINT_X,POINT_Y
90598008,2017,2017-11-20,9725,2017-09-16,0312,020781,,6,3,9,3500,0,1,2,,1,056,"US-101 S/B",SR-156,1056.00,N,N,A,-,Y,,,101,,,,,,S,Y,1,1,0,2,A,-,11,21954,A,N,G,B,E,A,H,-,D,D,0,Y,,,Y,Y,,N,60,0,0,0,1,0,0,0,0,0,"- ","- ",36.864649999999997,-121.57656,"SAN BENITO",UNINCORPORATED,-121.57649884,36.864602470000001
90679446,2018,2018-03-12,9725,2018-02-26,1512,019887,,1,2,9,3500,0,2,4,,1,052,"SHORE RD","SAN FELIPE RD",865.00,W,N,B,C,N,,,,,,,,,,Y,1,1,0,1,A,-,08,22107,,N,E,I,A,B,H,-,A,D,0,,,,,Y,,D,22,0,0,0,0,0,0,0,0,0,"- ","- ",36.940330505371094,-121.41400909423828,"SAN BENITO",UNINCORPORATED,-121.41386413574219,36.940315246582031
90943564,2019,2019-03-11,9725,2019-03-02,0052,021811,,6,3,9,3500,0,2,4,,1,052,"FAIRVIEW RD","SAN FELIPE RD",30.00,N,N,B,C,N,,,,,,,,,,Y,2,0,1,2,A,-,01,23152,A,N,E,I,A,B,H,-,D,A,0,,,,,Y,Y,A,01,1,0,0,0,0,0,0,0,0,"- ","- ",36.940811157226562,-121.41107940673828,"SAN BENITO",UNINCORPORATED,-121.41095733642578,36.940750122070312
6479116,2014,2016-04-07,9725,2014-05-04,1612,020021,,7,2,9,3500,0,1,2,,1,056,"ERVIN CT","RT 101",3168.00,N,N,A,-,Y,SBT,5,101,-,-,5.500,H,-,S,Y,2,0,1,1,A,-,08,22107,,N,F,A,A,A,H,-,A,D,1,,,Y,,Y,,C,02,1,0,0,0,0,0,0,0,1,"- ","- ",36.890729999999998,-121.557,"SAN BENITO",UNINCORPORATED,-121.55719569999999,36.890445069999998
7014051,2015,2017-01-09,9725,2015-06-29,0030,20781,,1,3,9,3500,0,1,3,,1,057,"RT 129","SANTA CRUZ CO LINE",218.00,E,N,A,-,Y,SBT,5,129,-,L,0.040,H,-,W,Y,2,0,1,1,A,-,03,22350,,N,E,I,A,A,H,-,D,D,0,,,,,Y,,A,01,1,0,0,0,0,0,0,0,0,"- ","- ",36.899790000000003,-121.59625,"SAN BENITO",UNINCORPORATED,-121.59686031,36.90019178
7122412,2015,2017-01-28,3501,2015-10-09,1226,10950,3501,5,5,4,3501,0,0,0,,0,,"AIRLINE HWY","AIRLINE HWY 2300",328.00,S,N,A,-,Y,SBT,5,25,-,-,49.250,H,-,N,Y,2,0,1,2,A,-,03,22350,,N,C,C,A,A,H,-,A,D,0,,,,,Y,,D,22,1,0,0,0,0,0,0,0,0,"- ","- ",,,"SAN BENITO",HOLLISTER,-121.38470461999999,36.830001889999998
8664987,2018,2018-10-18,3501,2018-04-14,0712,10916,3501,6,5,4,3501,0,0,0,,0,DAY,"AIRLINE HWY","TRES PINOS RD",0.00,,Y,A,-,Y,SBT,5,25,-,R,49.934,I,5,S,Y,2,0,2,2,A,-,12,21453,A,N,D,C,A,A,H,-,A,A,0,,,,,Y,,D,22,1,0,1,0,0,0,0,0,0,"- ","- ",,,"SAN BENITO",HOLLISTER,-121.39090728759766,36.839229583740234
91836624,2022,2022-08-09,9725,2022-07-24,0215,022112,,7,3,9,3500,0,1,3,,1,051,SR-25,"DAN DRIVE",935.00,S,N,A,-,Y,SBT,,25,,,47.005,H,,R,Y,1,1,0,1,A,-,08,22107,,N,E,I,A,A,H,-,D,D,0,,,,,Y,,A,01,0,0,0,0,0,0,0,0,0,"- ","- ",36.813560485839844,-121.35147094726562,"SAN BENITO",UNINCORPORATED,-121.35141754150391,36.813632965087891
91920096,2022,2022-11-17,9725,2022-11-05,1801,022880,,6,2,9,3500,0,2,4,,1,052,"FAIRVIEW ROAD","FALLON ROAD",4527.00,S,N,A,-,N,,,,,,,,,,Y,2,0,1,2,A,-,06,21750,A,F,C,C,A,A,H,-,D,D,0,,,,,Y,,-,99,1,0,0,0,0,0,0,0,0,"- ","- ",36.889629364013672,-121.36370086669922,"SAN BENITO",UNINCORPORATED,-121.36366271972656,36.889823913574219
91766941,2022,2022-05-09,9725,2022-03-01,1738,021304,,2,2,9,3500,0,2,4,,1,052,"FAIRVIEW ROAD","SANTA ANA VALLEY ROAD",0.00,,Y,A,-,N,,,,,,,,,,Y,1,1,0,2,A,-,09,21802,A,N,D,C,A,A,H,-,A,A,0,,,Y,,Y,,D,22,0,0,0,0,0,0,0,1,0,"- ","- ",36.861019134521484,-121.36360931396484,"SAN BENITO",UNINCORPORATED,-121.3636474609375,36.861064910888672
92146766,2023,2023-09-11,9725,2023-06-09,"800 ",019331,,5,1,9,3500,0,1,3,,1,054,"STATE ROUTE 25","MCCONNELL RD",173.00,N,N,A,-,Y,SBT,,25," "," ",53.689,H,,R,Y,1,1,0,2,A,-,06,21755,A,N,A,C,A,A,D,-,A,D,0,,,Y,Y,Y,,C,02,0,0,0,0,0,0,0,1,0,"- ","- ",36.891448974609375,-121.42314147949219,"SAN BENITO",UNINCORPORATED,-121.42324066162109,36.891384124755859
6954218,2015,2016-11-03,9725,2015-06-01,0715,17110,,1,1,9,3500,0,1,3,,1,054,"RT 25","BOLSA RD",3960.00,S,N,B,-,Y,SBT,5,25,-,-,59.970,H,-,N,Y,2,0,2,2,A,-,05,21460,A,N,C,C,A,A,H,-,A,D,0,,,,,Y,,A,01,1,0,1,0,0,0,0,0,0,"- ","- ",36.947470000000003,-121.5103,"SAN BENITO",UNINCORPORATED,-121.51025366,36.947368050000001
90118166,2016,2016-02-18,9725,2016-02-14,2055,020754,,7,2,9,3500,0,3,5,,2,007,"SOUTHSIDE RD","VINEYARD ESTATES DR",1056.00,N,N,A,-,N,,,,,,,,,,Y,2,0,1,1,A,-,08,22107,,N,E,I,A,A,H,-,D,D,0,,,,,Y,,A,07,1,0,0,0,0,0,0,0,0,"- ","- ",36.787680000000002,-121.36515,"SAN BENITO",UNINCORPORATED,-121.36515,36.787680000000002
91051595,2019,2019-08-14,9725,2019-08-05,1839,019305,,1,2,9,3500,0,3,5,,2,005,"FRAZER LAKE RD","SHORE RD",5808.00,N,N,A,-,N,,,,,,,,,,Y,2,0,1,1,A,-,01,23152,F,N,E,I,A,A,H,-,A,D,0,,,,,Y,,A,07,1,0,0,0,0,0,0,0,0,"- ","- ",36.950271606445312,-121.47174835205078,"SAN BENITO",UNINCORPORATED,-121.47087860107422,36.949634552001953
6718031,2014,2015-01-20,9725,2014-11-16,1758,20008,,7,2,9,3500,0,3,5,,2,007,"UNION RD","SAN JUAN OAKS RD",1584.00,E,N,A,-,N,,,,,,,,,,Y,1,1,0,1,A,-,01,23152,A,N,E,I,A,A,H,-,D,D,0,,,Y,,Y,Y,C,02,0,0,0,0,0,0,0,1,0,"- ","- ",36.837739999999997,-121.45189000000001,"SAN BENITO",UNINCORPORATED,-121.45203173,36.837899380000003
9287042,2021,2021-08-13,3501,2021-06-06,1900,11106,3501,7,5,4,3501,0,0,0,,0,GRA,"SAN FELIPE RD","GATEWAY DR",289.00,N,N,A,-,N,,,,,,,,,,Y,2,0,2,1,A,-,08,22107,,N,E,I,A,A,H,-,A,D,0,,,,,Y,,A,01,2,0,0,0,0,0,0,0,0,"- ","- ",,,"SAN BENITO",HOLLISTER,-121.40140533447266,36.862693786621094
9527047,2022,2023-02-13,3501,2022-12-21,1557,11159,3501,3,5,4,3501,0,0,0,,0,DAY,"4TH ST","DURAN DR",25.00,W,N,A,-,N,,,,,,,,,,Y,2,0,2,2,A,-,00,23103,A,N,D,C,A,A,H,-,A,D,0,,,Y,,Y,,C,02,1,1,0,0,0,0,0,0,1,"- ","- ",,,"SAN BENITO",HOLLISTER,-121.41571807861328,36.8529052734375
91167750,2019,2021-06-02,9725,2019-06-09,1705,021618,,7,2,9,3500,0,1,3,,1,054,SR-25,"SAN FELIPE ROAD",2640.00,S,N,A,-,Y,,,25,,,,,,,Y,1,1,1,2,A,-,01,23152,A,N,A,C,A,A,D,-,A,D,0,,,,,Y,Y,A,01,1,0,0,0,0,0,0,0,0,"- ","- ",36.864151000976562,-121.39180755615234,"SAN BENITO",UNINCORPORATED,-121.39179229736328,36.864170074462891
90750614,2018,2018-06-19,9725,2018-06-02,2000,021781,,6,2,9,3500,0,1,3,,1,054,SR-25,"WRIGHT RD",0.00,,Y,A,-,Y,,,25,,,,,,,Y,2,0,1,2,A,-,09,21802,A,N,B,C,A,A,H,-,D,D,0,,,Y,,Y,,A,01,1,0,0,0,0,0,0,0,1,"- ","- ",36.869571685791016,-121.40651702880859,"SAN BENITO",UNINCORPORATED,-121.40650939941406,36.869583129882812
91021123,2019,2019-06-28,9725,2019-06-10,2500,019215,,1,4,9,3500,0,1,3,,2,055,"SAN JUAN CANYON RD","SALINAS ROAD",6864.00,S,N,A,-,N,,,,,,,,,,Y,2,0,1,1,A,-,08,22107,,N,E,I,A,A,H,-,D,D,0,,,,,Y,,A,01,1,0,0,0,0,0,0,0,0,"- ","- ",36.817131042480469,-121.52655029296875,"SAN BENITO",UNINCORPORATED,-121.52668762207031,36.817008972167969
91820413,2022,2022-07-19,9725,2022-07-10,1117,021811,,7,1,9,3500,0,1,3,,1,054,SR-25,"SHORE ROAD",7920.00,N,N,A,-,Y,SBT,,25,,,59.282,H,,R,Y,2,0,1,2,A,-,03,22350,,N,C,C,A,A,H,-,A,D,0,,,Y,,Y,,C,02,1,0,0,0,0,0,0,0,1,"- ","- ",36.942279815673828,-121.49967956542969,"SAN BENITO",UNINCORPORATED,-121.49962615966797,36.942348480224609
91943647,2022,2022-12-15,9725,2022-12-02,2145,022399,,5,2,9,3500,0,3,5,,2,005,"LITTLE PANOCHE RD","YTURIARTE RD",19008.00,N,N,A,-,N,,,,,,,,,,Y,1,1,1,1,A,-,01,23152,A,N,E,I,A,A,H,-,D,D,0,,,,,Y,Y,D,22,1,0,0,0,0,0,0,0,0,"- ","- ",36.666728973388672,-120.86949920654297,"SAN BENITO",UNINCORPORATED,,
90836131,2018,2018-10-15,9725,2018-10-07,1130,018473,,7,1,9,3500,0,1,3,,1,051,"SR-25 S/B","LA GLORIA RD.",14256.00,S,N,A,-,Y,,,25,,,,,,S,Y,2,0,1,1,C,-,18,,,N,E,I,A,A,H,-,A,D,0,,,Y,,Y,,-,"- ",1,0,0,0,0,0,0,0,1,"- ","- ",36.538871765136719,-121.15257263183594,"SAN BENITO",UNINCORPORATED,-121.15255737304688,36.538883209228516
90896233,2018,2019-01-02,9725,2018-12-25,0145,021781,,2,3,9,3500,0,1,2,,1,056,"US-101 NORTHBOUND",SR-156,110.00,S,N,A,-,Y,,,101,,,,,,N,Y,2,0,1,1,A,-,01,23152,A,N,E,I,A,B,H,-,D,D,0,,,,,Y,Y,A,01,1,0,0,0,0,0,0,0,0,"- ","- ",36.861328125,-121.58139038085938,"SAN BENITO",UNINCORPORATED,-121.58139038085938,36.861335754394531
91859348,2022,2022-09-08,9725,2022-08-26,1700,022334,,5,2,9,3500,0,1,3,,2,053,"SR-156 W/B","LUCY BROWN LN",1320.00,W,N,A,-,N,,,,,,,,,,N,2,0,1,2,A,-,03,22350,,F,C,C,A,A,H,-,A,D,0,,,Y,,Y,,-,99,1,0,0,0,0,0,0,0,1,"- ","- ",36.841220855712891,-121.51316070556641,"SAN BENITO",UNINCORPORATED,-121.51316070556641,36.841133117675781
9258119,2021,2021-05-01,3501,2021-03-09,1155,10925,3501,2,5,4,3501,0,0,0,,0,DAY,"GLENVIEW DR","VALLEY VIEW RD",28.00,S,N,A,-,N,,,,,,,,,,N,2,0,1,2,A,-,03,22350,,N,B,E,A,A,-,-,A,D,0,,,Y,,Y,Y,C,02,1,0,0,0,0,0,0,0,1,"- ","- ",,,"SAN BENITO",HOLLISTER,-121.37644195556641,36.824863433837891
90880168,2018,2018-12-11,9725,2018-12-05,2010,021304,,3,2,9,3500,0,1,2,,1,056,"US-101 S/B","CANNON RD",3000.00,S,N,C,-,Y,,,101,,,,,,S,Y,2,0,1,1,A,-,03,22350,,N,E,I,A,B,H,-,D,D,0,,,,,Y,,A,01,1,0,0,0,0,0,0,0,0,"- ","- ",36.861118316650391,-121.61128234863281,"SAN BENITO",UNINCORPORATED,-121.61101531982422,36.861518859863281
91743636,2021,2022-12-12,9725,2021-09-26,1928,022317,,7,2,9,3500,0,2,4,,1,052,"FAIRVIEW ROAD N/B","FAIRVIEW COURT",188.00,N,N,A,-,N,,,,,,,,,,Y,1,1,0,2,A,-,03,22350,,N,D,C,A,A,H,-,D,D,0,,,,Y,Y,,A,01,0,0,0,0,0,0,0,0,0,"- ","- ",36.907920837402344,-121.365478515625,"SAN BENITO",UNINCORPORATED,-121.36537933349609,36.907676696777344
91839354,2022,2022-08-12,9725,2022-04-15,2115,021811,,5,2,9,3500,0,1,3,,2,053,SR-156,"BUSINESS 156",0.00,,Y,A,-,Y,SBT,,156,,R,13.216,H,,R,Y,1,1,3,3,A,-,12,21453,A,N,D,C,A,A,H,-,C,A,0,,,,Y,Y,,G,25,1,0,2,0,0,0,0,0,0,"- ","- ",36.907829284667969,-121.40387725830078,"SAN BENITO",UNINCORPORATED,-121.40389251708984,36.907871246337891
91065449,2019,2019-09-03,9725,2019-08-10,1428,021734,,6,2,9,3500,0,1,3,,1,054,SR-25,"SOUTH RIDGEMARK DRIVE",0.00,,Y,A,-,Y,,,25,,,,,,,Y,1,1,0,2,A,-,09,21802,A,N,D,C,A,A,H,-,A,D,0,,,,,Y,,A,01,0,0,0,0,0,0,0,0,0,"- ","- ",36.809059143066406,-121.34577941894531,"SAN BENITO",UNINCORPORATED,-121.34580230712891,36.809040069580078
91706172,2021,2022-02-22,9725,2021-08-21,1850,020742,,6,2,9,3500,0,1,3,,1,054,SR-25,"FLYNN ROAD",810.00,N,N,A,-,Y,,,25,,,,,,,Y,1,1,6,3,A,-,08,22107,,N,D,C,A,A,H,-,A,D,0,,,,,Y,,A,01,3,3,0,0,0,0,0,0,0,"- ","- ",36.883968353271484,-121.41709899902344,"SAN BENITO",UNINCORPORATED,-121.41712188720703,36.883949279785156
8823096,2018,2019-04-19,3501,2018-12-09,1824,11031,3501,7,5,4,3501,0,0,0,,0,GRA,"HAMILTON DR","SUMMER DR",58.00,E,N,A,-,N,,,,,,,,,,Y,2,0,1,1,A,-,01,23152,A,N,E,I,A,A,H,-,C,D,0,,,,,Y,Y,A,01,1,0,0,0,0,0,0,0,0,"- ","- ",,,"SAN BENITO",HOLLISTER,-121.41927337646484,36.845943450927734
91227912,2020,2020-12-10,9725,2020-03-02,1505,022137,,1,2,9,3500,0,1,3,,2,055,SR-156,"SAN FELIPE RD",2112.00,E,N,A,-,Y,,,156,,,,,,,Y,1,1,1,2,A,-,01,23152,F,N,A,C,A,A,H,-,A,D,0,,,,,Y,,D,22,1,0,0,0,0,0,0,0,0,"- ","- ",36.911109924316406,-121.39720916748047,"SAN BENITO",UNINCORPORATED,-121.397216796875,36.911121368408203
92388489,2024,2024-05-13,9725,2024-05-11,"530 ",022836,,6,3,9,3500,0,3,5,,2,007,"UNION ROAD","RIVERSIDE ROAD",72.00,N,N,A,-,N,,,,,,,,,,Y,2,0,4,1,A,-,08,22107,,N,E,J,A,A,H,-,B,D,0,,,,,Y,,M,57,1,3,0,0,0,0,0,0,0,"- ","- ",36.827381134033203,-121.42025756835938,"SAN BENITO",UNINCORPORATED,-121.41996002197266,36.827259063720703
90801084,2018,2018-08-29,9725,2018-08-23,0415,020424,,4,3,4,3501,0,1,3,,1,054,SR-25,"SAN FELIPE RD",0.00,,Y,A,-,Y,,,25,,,,,,,Y,2,0,2,2,A,-,12,21453,A,N,D,C,A,A,H,-,C,D,0,,,,,Y,,A,01,2,0,0,0,0,0,0,0,0,"- ","- ",36.865188598632812,-121.4013671875,"SAN BENITO",HOLLISTER,-121.40137481689453,36.865184783935547
90557093,2017,2018-04-16,9725,2017-09-19,0405,021304,,2,3,9,3500,0,1,3,,2,053,SR-156,"BIXBY RD",0.00,,Y,A,-,Y,,,156,,,,,,,Y,2,0,1,2,A,-,09,21804,A,N,D,C,A,A,H,-,D,D,0,,,,,Y,,M,46,1,0,0,0,0,0,0,0,0,"- ","- ",36.841419999999999,-121.49051,"SAN BENITO",UNINCORPORATED,-121.49051076000001,36.84145376
91301193,2020,2020-09-09,9725,2020-09-01,1225,014585,,2,1,9,3500,0,1,3,,2,055,SR-156,"BARNHEISEL RD",528.00,W,N,A,-,Y,,,156,,,,,,,Y,2,0,1,1,A,-,08,22107,,N,F,A,A,A,H,-,A,D,0,,,,Y,Y,,F,27,1,0,0,0,0,0,0,0,0,"- ","- ",36.956291198730469,-121.38336181640625,"SAN BENITO",UNINCORPORATED,-121.38344573974609,36.956268310546875
9287046,2021,2021-08-12,3501,2021-06-20,1825,11110,3501,7,5,4,3501,0,0,0,,0,GRA,"SUNNYSLOPE LN (BLOCK 1700)","SUNNYSLOPE LN",188.00,N,N,A,-,N,,,,,,,,,,N,1,1,1,3,A,-,01,23152,A,N,G,B,F,A,H,-,A,A,0,Y,,,,Y,Y,A,01,0,1,0,1,1,0,0,0,0,"- ","- ",,,"SAN BENITO",HOLLISTER,,
8287555,2016,2017-01-31,3501,2016-11-09,0827,10658,3501,3,5,4,3501,0,0,0,,0,DAY,"E PARK ST","PROSPECT AV",0.00,,Y,A,-,N,,,,,,,,,,N,2,0,1,2,A,-,10,21950,A,N,G,B,B,A,H,-,A,D,0,Y,,,,Y,,A,08,1,0,0,0,1,0,0,0,0,"- ","- ",,,"SAN BENITO",HOLLISTER,-121.39407997000001,36.843410089999999
9683196,2023,2024-05-14,3501,2023-11-27,"732 ",01493,3501,1,5,4,3501,0,0,0,,0,DAY,"SAN BENITO ST","HAYDON ST",0.00,,Y,A,-,N,,,,,,,,,,N,2,0,2,4,A,-,10,21950,A,N,G,B,D,A,H,-,A,D,0,Y,,,,Y,,A,01,2,0,0,0,2,0,0,0,0,"- ","- ",,,"SAN BENITO",HOLLISTER,-121.40231323242188,36.844856262207031
90159479,2016,2016-04-18,9725,2016-03-23,2055,020754,,3,2,9,3500,0,2,4,,1,052,"FALLON RD","FAIRVIEW RD",0.00,,Y,A,-,N,,,,,,,,,,Y,1,1,2,3,A,-,09,21802,A,N,D,C,A,A,H,-,C,A,0,,,,,Y,,A,01,1,1,0,0,0,0,0,0,0,"- ","- ",36.902230000000003,-121.36368,"SAN BENITO",UNINCORPORATED,-121.36364,36.90226011
90581247,2017,2017-10-27,9725,2017-10-22,1610,021781,,7,2,9,3500,0,1,2,,1,056,"US-101 SOUTHBOUND","STATE ROUTE 129",2640.00,N,N,A,-,Y,,,101,,,,,,S,Y,2,0,4,1,A,-,08,22107,,N,F,A,A,A,H,-,A,D,0,,,,,Y,,A,01,2,1,1,0,0,0,0,0,0,"- ","- ",36.89105,-121.55696,"SAN BENITO",UNINCORPORATED,-121.55688542999999,36.891017570000002
92093835,2023,2023-06-14,9725,2023-06-04,"925 ",021529,,7,1,9,3500,0,1,3,,1,051,"SR-25 N/B","MURPHY RD",389.00,S,N,A,-,Y,SBT,,25," "," ",40.627,H,,R,Y,2,0,2,1,A,-,03,22350,,N,E,I,A,A,H,-,A,D,0,,,,,Y,,A,07,1,1,0,0,0,0,0,0,0,"- ","- ",36.744400024414062,-121.28061676025391,"SAN BENITO",UNINCORPORATED,-121.28067779541016,36.744384765625
6949987,2015,2015-07-08,9725,2015-06-05,1055,20947,,5,1,9,3500,0,2,4,,1,052,"FAIRVIEW AV","MANSFIELD RD",0.00,,Y,A,-,N,,,,,,,,,,Y,2,0,3,2,A,-,01,23152,A,N,D,C,A,A,H,-,A,A,0,,,,,Y,Y,D,22,1,2,0,0,0,0,0,0,0,"- ","- ",36.853859999999997,-121.36365000000001,"SAN BENITO",UNINCORPORATED,-121.3636499,36.853830090000002
7147328,2014,2016-01-28,3501,2014-12-20,1553,1566,565,6,5,4,3501,0,0,0,,0,244OHV,"HIGH N DRY","NORTH CANYON RD",0.00,,N,A,-,N,,,,,,,,,,N,2,0,1,1,A,-,03,38305,,N,E,I,A,A,H,-,A,D,0,,,Y,,Y,,C,02,1,0,0,0,0,0,0,0,1,"- ","- ",36.464700000000001,-121.25897999999999,"SAN BENITO",HOLLISTER,,
8939659,2019,2021-06-01,3501,2019-12-23,1741,10895,3501,1,5,4,3501,0,0,0,,0,GRA,"CREST RD","BEVERLY DR",0.00,,N,A,-,N,,,,,,,,,,Y,1,1,0,2,A,-,11,21954,A,F,G,B,E,A,H,-,C,D,0,Y,,,,Y,,N,60,0,0,0,1,0,0,0,0,0,"- ","- ",,,"SAN BENITO",HOLLISTER,,
9735140,2024,2024-10-22,3501,2024-08-14,1907,11047,3501,3,5,4,3501,0,0,0,,0,SWI,"PEACH LN","PEARTREE LN",20.00,W,N,A,-,N,,,,,,,,,,N,2,0,2,1,D,-,00,,,N,H,A,A,A,H,-,A,D,0,,,,,Y,,-,"- ",1,1,0,0,0,0,0,0,0,"- ","- ",,,"SAN BENITO",HOLLISTER,-121.42330169677734,36.851619720458984
8636189,2018,2018-06-20,3501,2018-03-07,1732,75300,3501,3,5,4,3501,0,0,0,,0,DAY,"MERIDIAN ST","RECHT ST",12.00,W,N,A,-,N,,,,,,,,,,N,2,0,1,2,A,-,10,21950,A,N,G,B,B,A,H,-,B,D,0,Y,,,,Y,,A,01,1,0,0,0,1,0,0,0,0,"- ","- ",,,"SAN BENITO",HOLLISTER,-121.39426422119141,36.852119445800781
91737554,2022,2023-01-23,9725,2022-03-23,0625,022836,,3,1,9,3500,0,3,5,,2,007,"SAN JUSTO ROAD W/B","PRESCOTT ROAD",1162.00,E,N,A,-,N,,,,,,,,,,Y,2,0,2,1,A,-,03,22350,,N,F,A,A,A,H,-,B,D,0,,,,,Y,,D,22,1,0,1,0,0,0,0,0,0,"- ","- ",36.860950469970703,-121.55699920654297,"SAN BENITO",UNINCORPORATED,-121.53646850585938,36.860904693603516
91820716,2022,2022-07-19,9725,2022-07-08,1515,022882,,5,2,9,3500,0,1,3,,2,053,"SR-156 W/B",US-101,1056.00,E,N,A,-,Y,SBT,,156,,,0.238,H,,L,Y,2,0,2,3,A,-,03,22350,,N,C,C,A,A,H,-,A,D,0,,,,,Y,,A,01,1,0,1,0,0,0,0,0,0,"- ","- ",36.859020233154297,-121.57520294189453,"SAN BENITO",UNINCORPORATED,-121.57515716552734,36.859054565429688
92300783,2024,2024-01-30,9725,2024-01-22,1455,018458,,1,2,9,3500,0,1,2,,1,056,"US-101 N/B","ROCKS ROAD",5280.00,S,N,B,C,Y,SBT,,101," "," ",0.935,H,,R,Y,1,1,0,1,A,-,03,22350,,N,F,A,A,B,H,-,A,D,0,,,,,Y,,D,22,0,0,0,0,0,0,0,0,0,"- ","- ",36.862541198730469,-121.61501312255859,"SAN BENITO",UNINCORPORATED,-121.61498260498047,36.862667083740234
6638757,2014,2016-05-04,9725,2014-07-24,0530,018458,,4,3,4,3501,0,1,3,,1,054,"RT 25","SAN FELIPE RD",528.00,N,N,A,-,Y,SBT,5,25,-,R,52.310,H,-,N,Y,2,0,3,2,A,-,05,21460,A,N,A,C,A,A,H,-,D,D,0,,,,,Y,,A,01,2,0,1,0,0,0,0,0,0,"- ","- ",36.865720000000003,-121.40297,"SAN BENITO",HOLLISTER,-121.40276059999999,36.865620909999997
92258444,2023,2023-12-18,9725,2023-11-30,2030,023370,,4,2,9,3500,0,2,4,,1,052,"SAN FELIPE RD","FAIRVIEW RD",50.00,E,N,A,-,N,,,,,,,,,,Y,2,0,1,1,A,-,01,23152,A,M,E,8,A,A,H,-,C,D,0,,,,,Y,Y,D,22,1,0,0,0,0,0,0,0,0,"- ","- ",36.940761566162109,-121.41062927246094,"SAN BENITO",UNINCORPORATED,-121.41091918945312,36.940616607666016
8166804,2016,2018-09-27,3500,2016-09-11,2347,9348,3,7,5,1,3502,0,0,0,,0,003,"RT 156","THE ALAMEDA",0.00,,Y,B,-,Y,SBT,5,156,-,-,3.022,I,5,W,Y,1,1,0,2,A,-,11,21955,,N,G,B,E,A,H,-,C,A,0,Y,,,,Y,Y,N,60,0,0,0,1,0,0,0,0,0,"- ","- ",,,"SAN BENITO","SAN JUAN BAUTISTA",-121.53359913,36.840732690000003