CASE_ID,ACCIDENT_YEAR,PROC_DATE,JURIS,COLLISION_DATE,COLLISION_TIME,OFFICER_ID,REPORTING_DISTRICT,DAY_OF_WEEK,CHP_SHIFT,POPULATION,CNTY_CITY_LOC,SPECIAL_COND,BEAT_TYPE,CHP_BEAT_TYPE,CITY_DIVISION_LAPD,CHP_BEAT_CLASS,BEAT_NUMBER,PRIMARY_RD,SECONDARY_RD,DISTANCE,DIRECTION,INTERSECTION,WEATHER_1,WEATHER_2,STATE_HWY_IND,CALTRANS_COUNTY,CALTRANS_DISTRICT,STATE_ROUTE,ROUTE_SUFFIX,POSTMILE_PREFIX,POSTMILE,LOCATION_TYPE,RAMP_INTERSECTION,SIDE_OF_HWY,TOW_AWAY,COLLISION_SEVERITY,NUMBER_KILLED,NUMBER_INJURED,PARTY_COUNT,PRIMARY_COLL_FACTOR,PCF_CODE_OF_VIOL,PCF_VIOL_CATEGORY,PCF_VIOLATION,PCF_VIOL_SUBSECTION,HIT_AND_RUN,TYPE_OF_COLLISION,MVIW,PED_ACTION,ROAD_SURFACE,ROAD_COND_1,ROAD_COND_2,LIGHTING,CONTROL_DEVICE,CHP_ROAD_TYPE,PEDESTRIAN_ACCIDENT,BICYCLE_ACCIDENT,MOTORCYCLE_ACCIDENT,TRUCK_ACCIDENT,NOT_PRIVATE_PROPERTY,ALCOHOL_INVOLVED,STWD_VEHTYPE_AT_FAULT,CHP_VEHTYPE_AT_FAULT,COUNT_SEVERE_INJ,COUNT_VISIBLE_INJ,COUNT_COMPLAINT_PAIN,COUNT_PED_KILLED,COUNT_PED_INJURED,COUNT_BICYCLIST_KILLED,COUNT_BICYCLIST_INJURED,COUNT_MC_KILLED,COUNT_MC_INJURED,PRIMARY_RAMP,SECONDARY_RAMP,LATITUDE,LONGITUDE,COUNTY,CITY,POINT_X,POINT_Y
9068523,2020,2020-08-11,3501,2020-04-12,2125,11023,3501,7,5,4,3501,0,0,0,,0,GRA,"VALLEY VIEW RD","MORNINGSIDE DR",0.00,,Y,A,-,N,,,,,,,,,,Y,2,0,2,3,C,-,18,,,N,A,E,A,A,H,-,C,D,0,,,,,Y,Y,-,"- ",2,0,0,0,0,0,0,0,0,"- ","- ",,,"SAN BENITO",HOLLISTER,-121.380859375,36.826488494873047
91310771,2020,2020-09-24,9725,2020-09-18,1810,021618,,5,2,9,3500,0,3,5,,2,005,"SANTA ANA VALLEY RD","TORTOLA WAY",5280.00,E,N,A,-,N,,,,,,,,,,Y,2,0,4,2,A,-,01,23152,A,N,A,C,A,A,H,-,A,D,0,,,,,Y,Y,D,22,1,3,0,0,0,0,0,0,0,"- ","- ",36.853870391845703,-121.32187652587891,"SAN BENITO",UNINCORPORATED,,
91834195,2022,2022-09-27,9725,2022-05-27,2315,022608,,5,3,9,3500,0,1,3,,1,054,SR-25,"WRIGHT ROAD",547.00,S,N,A,-,Y,SBT,,25,,,51.815,H,,R,Y,1,1,1,2,A,-,01,23152,A,N,A,C,A,A,H,-,D,D,0,,,,,Y,Y,D,22,0,1,0,0,0,0,0,0,0,"- ","- ",36.868328094482422,-121.40534210205078,"SAN BENITO",UNINCORPORATED,-121.4053955078125,36.868297576904297
90456730,2017,2017-05-16,9735,2017-05-07,1200,016816,,7,1,9,3500,0,3,5,,2,003,"SR-25 N/B","SAN BENITO LATERAL",115.00,N,N,A,-,Y,,,25,,,,,,N,Y,2,0,1,1,A,-,03,22350,,N,F,I,A,A,H,-,A,D,0,,,Y,,Y,,C,02,1,0,0,0,0,0,0,0,1,"- ","- ",36.501800000000003,-121.0869,"SAN BENITO",UNINCORPORATED,-121.08693526,36.50172079
6712248,2014,2015-01-07,9725,2014-11-09,2020,019923,,7,2,9,3500,0,1,3,,1,051,"RT 25","LA GLORIA RD",2640.00,S,N,A,-,Y,,,25,,,,,,,Y,2,0,3,1,A,-,03,22350,,N,E,I,A,A,H,-,D,D,0,,,,,Y,,A,01,1,0,2,0,0,0,0,0,0,"- ","- ",36.560690000000001,-121.17514,"SAN BENITO",UNINCORPORATED,-121.17517764,36.560684129999999
8875092,2019,2019-11-07,3501,2019-02-12,0713,10926,3501,2,5,4,3501,0,0,0,,0,DAY,"AIRLINE HWY","SUNSET DR",1.00,N,Y,B,-,Y,SBT,5,25,-,-,49.650,H,-,S,N,2,0,1,2,A,-,12,21453,A,N,D,G,A,A,H,-,A,A,0,,Y,,,Y,,L,04,1,0,0,0,0,0,1,0,0,"- ","- ",,,"SAN BENITO",HOLLISTER,-121.38846588134766,36.835342407226562
90255382,2016,2016-08-29,9725,2016-08-21,1515,021304,,7,2,9,3500,0,1,2,,1,056,"US-101 N/B",SR-156,118.00,N,N,A,-,Y,,,101,,,,,,N,Y,2,0,4,2,A,-,03,22350,,N,C,C,A,A,H,-,A,D,0,,,,,Y,,A,01,1,2,1,0,0,0,0,0,0,"- ","- ",36.861870000000003,-121.57876,"SAN BENITO",UNINCORPORATED,-121.57884672,36.862041570000002
91982983,2022,2023-01-31,9725,2022-12-11,0326,022836,,7,3,9,3500,0,1,2,,1,056,"US-101 S/B","CANNON ROAD",160.00,S,N,C,-,Y,SBT,,101,,,1.598,H,,L,Y,1,1,0,1,C,-,18,,,N,E,J,A,B,H,-,D,D,0,,,,,Y,,-,"- ",0,0,0,0,0,0,0,0,0,"- ","- ",36.859981536865234,-121.60466003417969,"SAN BENITO",UNINCORPORATED,-121.60466766357422,36.859943389892578
90127294,2016,2016-09-06,9725,2016-02-01,0523,014585,,1,3,9,3500,0,2,4,,1,052,"SHORE RD.","FRYE LN.",913.00,E,N,A,-,N,,,,,,,,,,Y,1,1,0,1,A,-,08,22107,,N,E,I,A,A,H,-,D,D,0,,,,,Y,,D,22,0,0,0,0,0,0,0,0,0,"- ","- ",37.940289999999997,-121.42296,"SAN BENITO",UNINCORPORATED,-121.42391581,36.940421929999999
91831740,2022,2022-08-02,9725,2022-07-21,0640,019215,,4,1,9,3500,0,3,5,,2,001,"FRAZIER LAKE ROAD","BLOOMFIELD AVENUE",4541.00,S,N,A,-,N,,,,,,,,,,Y,2,0,1,2,A,-,03,22350,,N,C,C,A,A,H,-,B,D,0,,,,,Y,,A,01,1,0,0,0,0,0,0,0,0,"- ","- ",36.968799591064453,-121.49790954589844,"SAN BENITO",UNINCORPORATED,,
9747101,2024,2024-11-06,3501,2024-09-30,1231,11225,3501,1,5,4,3501,0,0,0,,0,DAY,"4TH ST","DURAN DR",0.00,,Y,A,-,N,,,,,,,,,,N,2,0,1,2,A,-,12,22450,A,F,F,D,A,A,H,-,A,A,0,,,Y,,Y,,A,01,1,0,0,0,0,0,0,0,1,"- ","- ",,,"SAN BENITO",HOLLISTER,-121.41562652587891,36.852901458740234
90904944,2019,2019-01-15,9725,2019-01-11,0734,013521,,5,1,9,3500,0,1,3,,1,054,"SR-156  E/B","BUENA VISTA AVE",2640.00,E,N,B,-,Y,,,156,,,,,,E,Y,2,0,2,3,A,-,03,22350,,N,C,C,A,A,H,-,A,D,0,,,,,Y,,D,22,1,0,1,0,0,0,0,0,0,"- ","- ",36.869998931884766,-121.44200134277344,"SAN BENITO",UNINCORPORATED,-121.44209289550781,36.870018005371094
91531593,2021,2022-08-30,9725,2021-07-18,0010,022112,,7,3,9,3500,0,1,3,,2,053,SR-156,SR-25,5280.00,W,N,A,-,Y,,,,,,,,,,Y,2,0,2,3,A,-,01,23152,A,N,D,C,A,A,H,-,D,D,0,,,,,Y,Y,A,01,2,0,0,0,0,0,0,0,0,"- ","- ",36.880901336669922,-121.43023681640625,"SAN BENITO",UNINCORPORATED,-121.43153381347656,36.881546020507812
91109121,2019,2019-10-29,9725,2019-10-06,1859,021530,,7,2,9,3500,0,1,3,,2,055,"SR-156 E/B","BIXBY RD",1100.00,W,N,A,-,Y,,,156,,,,,,E,Y,2,0,8,3,A,-,03,22350,,N,C,C,A,A,H,-,D,D,0,,,,,Y,,A,01,1,0,7,0,0,0,0,0,0,"- ","- ",36.841300964355469,-121.49440002441406,"SAN BENITO",UNINCORPORATED,-121.49440002441406,36.841377258300781
6568313,2014,2014-08-07,9725,2014-04-27,1000,020781,,7,1,9,3500,0,2,4,,1,052,"FAIRVIEW RD","SANTA ANA VALLEY RD",7.00,N,N,A,-,N,,,,,,,,,,Y,2,0,2,2,A,-,03,22350,,F,C,C,A,A,H,-,A,D,0,,,,,Y,,A,01,1,0,1,0,0,0,0,0,0,"- ","- ",36.861049999999999,-121.36364,"SAN BENITO",UNINCORPORATED,-121.36365005,36.861089229999997
90950360,2019,2019-03-21,9725,2019-03-14,2230,021781,,4,3,9,3500,0,1,3,,2,053,"SR-156 EASTBOUND","ROCKS ROAD",300.00,E,N,A,-,Y,,,156,,,,,,E,Y,2,0,1,1,A,-,01,23152,A,N,E,I,A,A,H,-,D,D,0,,,,,Y,Y,A,07,1,0,0,0,0,0,0,0,0,"- ","- ",36.853549957275391,-121.56891632080078,"SAN BENITO",UNINCORPORATED,-121.56887817382812,36.853599548339844
91361200,2020,2020-12-08,9725,2020-10-11,2500,021618,,7,4,9,3500,0,3,5,,2,007,"PANOCHE ROAD","LITTLE PANOCHE ROAD",34320.00,W,N,A,-,N,,,,,,,,,,Y,1,1,0,1,A,-,08,22107,,N,F,A,A,A,H,-,A,D,0,,,,,Y,Y,D,22,0,0,0,0,0,0,0,0,0,"- ","- ",36.619731903076172,-120.98921203613281,"SAN BENITO",UNINCORPORATED,-120.98869323730469,36.619766235351562
90946957,2019,2019-04-09,9725,2019-03-06,1035,014585,,3,1,9,3500,0,1,3,,2,053,SR-156,"MONTEREY RD.",0.00,,Y,B,-,Y,,,156,,,,,,,Y,2,0,2,2,A,-,09,21801,A,N,D,C,A,A,H,-,A,D,0,,,,,Y,,A,01,1,1,0,0,0,0,0,0,0,"- ","- ",36.844718933105469,-121.54540252685547,"SAN BENITO",UNINCORPORATED,-121.54539489746094,36.844734191894531
91767031,2021,2022-05-09,9725,2021-12-17,1855,020120,,5,2,9,3500,0,1,3,,2,055,SR-156,"SAN FELIPE ROAD",2112.00,E,N,A,-,Y,,,156,,,,,,,Y,1,1,1,2,A,-,08,22107,,N,A,C,A,A,H,-,D,D,0,,,,,Y,,D,22,0,1,0,0,0,0,0,0,0,"- ","- ",36.911388397216797,-121.39700317382812,"SAN BENITO",UNINCORPORATED,-121.39696502685547,36.911354064941406
7006651,2015,2017-04-04,9725,2015-01-24,2500,018473,,6,4,9,3500,0,3,5,,2,007,"SAN JUAN HWY","PRESCOTT RD",4224.00,N,N,A,-,N,,,,,,,,,,Y,1,1,0,1,A,-,08,22107,,N,E,I,A,A,H,-,D,D,0,,,Y,,Y,Y,C,02,0,0,0,0,0,0,0,1,0,"- ","- ",36.863970000000002,-121.55409,"SAN BENITO",UNINCORPORATED,-121.55431,36.86669191
9747106,2024,2024-11-08,3501,2024-09-11,"813 ",01493,3501,3,5,4,3501,0,0,0,,0,DAY,"SUNNYSLOPE RD","HIGHLAND DR",0.00,,Y,A,-,N,,,,,,,,,,N,2,0,1,2,A,-,05,21650,1,F,D,G,A,A,H,-,A,A,0,,Y,,,Y,,M,91,1,0,0,0,0,0,1,0,0,"- ","- ",,,"SAN BENITO",HOLLISTER,-121.37378692626953,36.838619232177734
91087543,2019,2019-10-01,9725,2019-09-23,1837,021837,,1,2,9,3500,0,1,3,,1,054,SR-25,"WRIGHT RD",0.00,,Y,A,-,Y,,,25,,,,,,,Y,2,0,3,2,A,-,09,21801,A,N,A,C,A,A,H,-,A,D,0,,,,,Y,Y,A,07,1,2,0,0,0,0,0,0,0,"- ","- ",36.869590759277344,-121.40651702880859,"SAN BENITO",UNINCORPORATED,-121.40651702880859,36.869594573974609
91602823,2021,2021-10-21,9725,2021-10-10,1550,021837,,7,2,9,3500,0,1,2,,2,011,SR-25,"LIVE OAK RD",6336.00,S,N,A,-,Y,,,25,,,,,,,N,2,0,1,2,A,-,08,22107,,N,B,C,A,A,H,-,A,D,0,,,,,Y,,A,08,1,0,0,0,0,0,0,0,0,"- ","- ",36.639198303222656,-121.23158264160156,"SAN BENITO",UNINCORPORATED,-121.23159027099609,36.639194488525391
90246599,2016,2016-09-07,9725,2016-07-15,0645,019305,,5,1,9,3500,0,1,2,,1,056,"US-101 N/B","SAN JUAN RD",398.00,N,N,B,-,Y,,,101,,,,,,N,Y,1,1,0,1,A,-,08,22107,,N,E,I,A,A,H,-,A,D,0,,,,,Y,,A,01,0,0,0,0,0,0,0,0,0,"- ","- ",36.858379999999997,-121.62626,"SAN BENITO",UNINCORPORATED,-121.62630862,36.858511610000001
91333383,2020,2020-10-28,9725,2020-10-21,1840,021159,,3,2,9,3500,0,1,3,,1,054,"RT 156","BUENA VISTA RD",528.00,E,N,A,-,Y,,,156,,,,,,,Y,2,0,2,2,A,-,01,23152,A,N,A,C,A,A,H,-,D,D,0,,,,,Y,Y,D,22,1,1,0,0,0,0,0,0,0,"- ","- ",36.87860107421875,-121.43419647216797,"SAN BENITO",UNINCORPORATED,-121.43418121337891,36.878574371337891
92057797,2023,2023-05-01,9725,2023-04-07,1925,023192,,5,2,9,3500,0,1,3,,1,054,SR-25,SR-156,0.00,,Y,B,-,Y,SBT,,25," "," ",54.040,H,,R,Y,2,0,2,2,A,-,03,22350,,M,C,C,A,A,H,-,A,A,0,,,,,Y,Y,D,22,1,1,0,0,0,0,0,0,0,"- ","- ",36.895530700683594,-121.42720794677734,"SAN BENITO",UNINCORPORATED,-121.42726135253906,36.895500183105469
6514026,2014,2014-07-29,9725,2014-05-11,0150,019887,,7,3,9,3500,0,3,5,,2,007,"THE ALAMEDA","OLD SAN JUAN HOLLISTER RD",174.00,S,N,A,-,N,,,,,,,,,,Y,2,0,1,1,A,-,01,23152,A,N,E,J,A,A,H,-,C,D,0,,,,,Y,,A,01,1,0,0,0,0,0,0,0,0,"- ","- ",36.8386,-121.53230000000001,"SAN BENITO",UNINCORPORATED,-121.53236051,36.838692469999998
90421176,2017,2017-03-27,9725,2017-02-16,1322,018473,,4,1,9,3500,0,2,4,,1,052,"FAIRVIEW RD.","LONE TREE RD.",2112.00,N,N,B,-,N,,,,,,,,,,Y,1,1,4,2,A,-,08,22107,,N,A,C,A,A,H,-,A,D,0,,,,,Y,,A,01,1,0,3,0,0,0,0,0,0,"- ","- ",36.881259999999997,-121.36369999999999,"SAN BENITO",UNINCORPORATED,-121.36367,36.881421439999997
91645320,2021,2021-12-07,9725,2021-11-02,0400,021602,,2,3,9,3500,0,1,3,,1,054,"STATE ROUTE 25","WRIGHT ROAD",31.00,S,N,B,-,Y,,,25,,,,,,,Y,1,1,1,2,A,-,05,21460,A,N,A,C,A,B,H,-,D,D,0,,,,,Y,,A,07,0,1,0,0,0,0,0,0,0,"- ","- ",36.869468688964844,-121.40632629394531,"SAN BENITO",UNINCORPORATED,-121.40637969970703,36.869430541992188
9494785,2022,2022-09-29,3501,2022-07-03,2046,11106,3501,7,5,4,3501,0,0,0,,0,GRA,"SOUTHSIDE RD","LIGHT POLE #35774",22.00,E,N,A,-,N,,,,,,,,,,N,2,0,2,2,A,-,06,21755,,N,B,C,A,A,H,-,B,D,0,,,Y,,Y,,C,02,1,0,1,0,0,0,0,0,2,"- ","- ",,,"SAN BENITO",HOLLISTER,,
90297382,2016,2016-10-20,9725,2016-10-08,0100,020947,,6,3,9,3500,0,3,5,,2,005,"SAN FELIPE RD","TEQUISQUITA SLOUGH",890.00,S,N,A,-,N,,,,,,,,,,Y,2,0,3,2,A,-,05,21650,,N,A,C,A,A,H,-,D,D,0,,,,,Y,,A,01,2,0,1,0,0,0,0,0,0,"- ","- ",36.92801,-121.40697,"SAN BENITO",UNINCORPORATED,-121.40698313999999,36.928029049999999
90447364,2017,2017-05-02,9725,2017-04-09,0927,018473,,7,1,9,3500,0,1,3,,2,053,"SR-156 W/B","LUCY BROWN RD.",7.00,W,N,A,-,Y,,,156,,,,,,W,Y,2,0,1,2,A,-,03,22350,,N,C,C,A,A,H,-,A,D,0,,,Y,,Y,,C,02,1,0,0,0,0,0,0,0,1,"- ","- ",36.84158,-121.50872,"SAN BENITO",UNINCORPORATED,-121.50871414,36.841207679999997
90815465,2018,2018-09-18,9725,2018-09-15,1845,021618,,6,2,9,3500,0,1,2,,1,056,"US-101 S/B","CANNON RD",2640.00,N,N,A,-,Y,,,101,,,,,,S,Y,2,0,1,1,A,-,08,22107,,N,E,I,A,A,H,-,A,D,0,,,,,Y,Y,A,01,1,0,0,0,0,0,0,0,0,"- ","- ",36.859310150146484,-121.59632873535156,"SAN BENITO",UNINCORPORATED,-121.59632873535156,36.859310150146484
91857427,2022,2022-09-06,9725,2022-08-25,1700,022339,,4,2,9,3500,0,1,3,,1,054,"SR-25 S/B","SHORE ROAD",2112.00,N,N,A,-,Y,SBT,,25,,,58.263,H,,L,Y,2,0,10,7,A,-,03,22350,,N,C,C,A,A,H,-,A,D,0,,,,Y,Y,,G,25,3,2,5,0,0,0,0,0,0,"- ","- ",36.934810638427734,-121.48372650146484,"SAN BENITO",UNINCORPORATED,-121.48371887207031,36.934822082519531
9625762,2023,2023-10-05,3501,2023-08-06,1820,11106,3501,7,5,4,3501,0,0,0,,0,GRA,"MCCRAY ST","E PARK ST",300.00,S,N,A,-,N,,,,,,,,,,Y,2,0,1,2,A,-,09,21804,A,N,D,C,A,A,H,-,A,D,0,,,Y,,Y,,A,01,1,0,0,0,0,0,0,0,1,"- ","- ",,,"SAN BENITO",HOLLISTER,-121.39314270019531,36.842658996582031
91451445,2021,2021-04-15,9725,2021-04-06,1612,018966,,2,2,9,3500,0,1,3,,1,054,SR-25,"FLYNN RD",200.00,N,N,A,-,Y,,,25,,,,,,,Y,2,0,1,2,A,-,09,21804,A,N,D,C,A,A,H,-,A,D,0,,,,,Y,,A,01,1,0,0,0,0,0,0,0,0,"- ","- ",36.882598876953125,-121.41590881347656,"SAN BENITO",UNINCORPORATED,-121.41590881347656,36.882598876953125
90786419,2018,2018-08-08,9725,2018-07-29,1648,021837,,7,2,9,3500,0,1,3,,1,057,SR-129,"SEARLE RD",1004.00,W,N,A,-,Y,,,129,,,,,,,Y,2,0,3,2,A,-,09,21804,A,N,D,C,A,A,H,-,A,D,0,,,,,Y,,A,01,1,0,2,0,0,0,0,0,0,"- ","- ",36.886520385742188,-121.56471252441406,"SAN BENITO",UNINCORPORATED,-121.56465911865234,36.886547088623047
91661459,2021,2021-12-24,9725,2021-12-12,2020,022112,,7,2,9,3500,0,1,3,,2,053,SR-156,"LUCY BROWN RD",75.00,W,N,C,-,Y,,,156,,,,,,,Y,2,0,1,1,A,-,08,22107,,N,E,I,A,B,H,-,D,D,0,,,,,Y,,A,01,1,0,0,0,0,0,0,0,0,"- ","- ",36.841518402099609,-121.51038360595703,"SAN BENITO",UNINCORPORATED,-121.5103759765625,36.841182708740234
91379169,2020,2021-01-01,9725,2020-12-19,0840,019331,,6,1,9,3500,0,3,5,,2,005,"SANTA ANA VALLEY RD","FAIRVIEW RD",24816.00,E,N,A,-,N,,,,,,,,,,N,2,0,2,2,A,-,08,22107,,N,F,G,A,A,H,-,A,D,0,,Y,,,Y,,L,04,1,1,0,0,0,0,2,0,0,"- ","- ",36.836940765380859,-121.29354095458984,"SAN BENITO",UNINCORPORATED,-121.29236602783203,36.835735321044922
9590021,2023,2023-06-09,3501,2023-03-31,1648,11099,3501,5,5,4,3501,0,0,0,,0,DAY,"TRES PINOS RD","TRES PINOS RD 491",0.00,,Y,A,-,N,,,,,,,,,,Y,2,0,1,2,A,-,09,21804,A,N,D,C,A,A,H,-,A,D,0,,,Y,,Y,,A,07,1,0,0,0,0,0,0,0,1,"- ","- ",,,"SAN BENITO",HOLLISTER,,
90877258,2018,2018-12-06,9725,2018-08-31,2208,021774,,5,3,9,3500,0,1,3,,1,054,"SR-25 N/B","WRIGHT RD",1131.00,S,N,A,-,Y,,,25,,,,,,N,Y,1,1,0,2,A,-,11,21954,A,N,G,B,E,A,H,-,D,D,0,Y,,,,Y,,N,60,0,0,0,1,0,0,0,0,0,"- ","- ",36.866481781005859,-121.40367889404297,"SAN BENITO",UNINCORPORATED,-121.40372467041016,36.866436004638672
91699066,2022,2022-02-11,9725,2022-02-06,1603,021785,,7,2,9,3500,0,1,2,,1,056,"US-101 N/B","SAN JUAN ROAD",260.00,S,N,A,-,Y,,,,,,,,,,Y,2,0,1,1,A,-,01,23152,A,N,F,I,A,A,H,-,A,D,0,,,Y,,Y,Y,C,02,1,0,0,0,0,0,0,0,1,"- ","- ",36.856410980224609,-121.62830352783203,"SAN BENITO",UNINCORPORATED,-121.62840270996094,36.857719421386719
92175817,2023,2023-10-03,9725,2023-09-02,1000,021126,,6,1,9,3500,0,3,5,,2,007,"LITTLE PANOCHE ROAD","PANOCHE ACCESS ROAD",14256.00,W,N,B,-,N,,,,,,,,,,N,2,0,1,1,A,-,08,22107,,N,F,0,A,A,H,-,A,D,0,,,Y,,Y,,C,02,1,0,0,0,0,0,0,0,1,"- ","- ",36.678081512451172,-120.86273956298828,"SAN BENITO",UNINCORPORATED,-120.92487335205078,36.610614776611328
6950444,2015,2015-06-26,9725,2015-05-17,2200,020967,,7,3,9,3500,0,3,5,,2,005,"SAN FELIPE RD","SHORE RD",5280.00,S,N,A,-,N,,,,,,,,,,Y,2,0,1,1,A,-,08,22107,,N,F,A,A,A,H,-,D,D,0,,,,,Y,,A,01,1,0,0,0,0,0,0,0,0,"- ","- ",,,"SAN BENITO",UNINCORPORATED,-121.40676374,36.926657720000001
91949701,2022,2023-06-22,9725,2022-10-09,0320,022334,,7,3,9,3500,0,1,3,,1,054,"SR-25 S/B","BRIGGS ROAD",107.00,S,N,E,-,Y,SBT,,25,,,52.172,H,,L,Y,1,1,1,1,A,-,01,23152,A,N,E,I,A,A,H,-,D,D,0,,,,,Y,Y,A,01,1,0,0,0,0,0,0,0,0,"- ","- ",36.872379302978516,-121.40901947021484,"SAN BENITO",UNINCORPORATED,-121.40899658203125,36.872394561767578
9538391,2022,2023-01-10,3501,2022-10-03,1951,11145,3501,1,5,4,3501,0,0,0,,0,GRA,"4TH ST","SALLY ST",89.00,E,N,A,-,N,,,,,,,,,,N,2,0,1,2,C,-,18,,,N,G,B,D,A,H,-,C,A,0,Y,,,,Y,Y,-,"- ",1,0,0,0,1,0,0,0,0,"- ","- ",,,"SAN BENITO",HOLLISTER,-121.39976501464844,36.852470397949219
9569119,2023,2023-06-13,3501,2023-04-09,2136,11154,3501,7,5,4,3501,0,0,0,,0,GRA,"SANTA ANA RD","RT 25",0.00,,Y,A,-,Y,SBT,5,25,-,R,51.104,I,5,S,Y,2,0,1,2,A,-,09,21801,A,N,A,C,A,A,H,-,C,A,0,,,,,Y,,A,07,1,0,0,0,0,0,0,0,0,"- ","- ",,,"SAN BENITO",HOLLISTER,-121.39092254638672,36.856197357177734
90857140,2018,2018-11-09,9725,2018-11-04,1510,021781,,7,2,9,3500,0,1,3,,1,051,"STATE ROUTE 25","4TH STREET",528.00,S,N,A,-,Y,,,25,,,,,,,N,2,0,1,2,A,-,09,21801,A,F,A,C,A,A,H,-,A,D,0,,,Y,,Y,,A,07,1,0,0,0,0,0,0,0,1,"- ","- ",36.788761138916016,-121.31874847412109,"SAN BENITO",UNINCORPORATED,-121.31874847412109,36.78875732421875
5912236,2014,2015-12-29,3501,2014-02-08,0958,10837,3501,6,5,4,3501,0,0,0,,0,DAY,"SAN FELIPE RD","MAPLE ST",0.00,,N,A,B,N,,,,,,,,,,Y,1,1,2,3,A,-,09,21804,A,N,D,C,A,A,H,-,A,D,0,,,,,Y,,A,01,0,0,2,0,0,0,0,0,0,"- ","- ",,,"SAN BENITO",HOLLISTER,-121.40171986999999,36.858590049999997
6291289,2014,2015-12-29,9725,2014-01-01,1820,19887,,3,2,9,3500,0,1,3,,2,053,"RT 156","MERRILL RD",415.00,E,N,A,-,Y,SBT,5,101,-,-,2.999,R,2,S,Y,1,1,0,1,A,-,01,23152,F,N,E,J,A,A,H,-,D,D,5,,,,,Y,Y,A,01,0,0,0,0,0,0,0,0,0,"- ","- ",36.862549999999999,-121.58111,"SAN BENITO",UNINCORPORATED,-121.58067285,36.861871780000001
6291641,2014,2014-11-19,9725,2014-08-30,1700,20754,,6,2,9,3500,0,3,5,,2,005,"PANOCHE RD","COTTONWOOD RD",31680.00,E,N,A,-,N,,,,,,,,,,Y,1,1,0,1,A,-,03,22350,,N,E,I,A,-,A,H,A,D,0,,,,,Y,,D,22,0,0,0,0,0,0,0,0,0,"- ","- ",36.660429999999998,-121.11193,"SAN BENITO",UNINCORPORATED,-121.14973384,36.655671210000001
6291857,2014,2015-01-23,9725,2014-08-17,0645,19838,,7,1,9,3500,0,1,3,,2,053,"RT 156","RT 25",0.00,,Y,E,-,Y,SBT,5,25,-,-,54.048,I,5,S,Y,1,1,4,2,A,-,12,21453,A,N,D,C,A,A,H,-,B,A,0,,,,,Y,,A,01,0,1,3,0,0,0,0,0,0,"- ","- ",36.895499999999998,-121.42731000000001,"SAN BENITO",UNINCORPORATED,-121.42736650000001,36.895607920000003
6291917,2014,2015-02-11,9725,2014-11-14,2215,020799,,5,3,9,3500,0,1,3,,2,053,"RT 156","RT 25",0.00,,Y,A,-,Y,SBT,5,25,-,-,54.048,I,5,N,Y,1,1,2,2,A,-,12,21453,A,N,D,C,A,A,H,-,C,A,0,,,,Y,Y,,G,27,0,1,1,0,0,0,0,0,0,"- ","- ",36.896619999999999,-121.42694,"SAN BENITO",UNINCORPORATED,-121.42736650000001,36.895607920000003
6292696,2015,2015-09-29,3501,2015-07-27,1606,10634,3501,1,5,4,3501,0,0,0,,0,DAY,"MEMORIAL DR","VERDUN AV",0.00,,Y,A,-,N,,,,,,,,,,Y,1,1,0,2,A,-,05,21650,1,N,A,G,A,A,H,-,A,D,0,,Y,,,Y,Y,L,04,0,0,0,0,0,1,0,0,0,"- ","- ",,,"SAN BENITO",HOLLISTER,-121.38436985,36.840480030000002