CASE_ID,ACCIDENT_YEAR,PROC_DATE,JURIS,COLLISION_DATE,COLLISION_TIME,OFFICER_ID,REPORTING_DISTRICT,DAY_OF_WEEK,CHP_SHIFT,POPULATION,CNTY_CITY_LOC,SPECIAL_COND,BEAT_TYPE,CHP_BEAT_TYPE,CITY_DIVISION_LAPD,CHP_BEAT_CLASS,BEAT_NUMBER,PRIMARY_RD,SECONDARY_RD,DISTANCE,DIRECTION,INTERSECTION,WEATHER_1,WEATHER_2,STATE_HWY_IND,CALTRANS_COUNTY,CALTRANS_DISTRICT,STATE_ROUTE,ROUTE_SUFFIX,POSTMILE_PREFIX,POSTMILE,LOCATION_TYPE,RAMP_INTERSECTION,SIDE_OF_HWY,TOW_AWAY,COLLISION_SEVERITY,NUMBER_KILLED,NUMBER_INJURED,PARTY_COUNT,PRIMARY_COLL_FACTOR,PCF_CODE_OF_VIOL,PCF_VIOL_CATEGORY,PCF_VIOLATION,PCF_VIOL_SUBSECTION,HIT_AND_RUN,TYPE_OF_COLLISION,MVIW,PED_ACTION,ROAD_SURFACE,ROAD_COND_1,ROAD_COND_2,LIGHTING,CONTROL_DEVICE,CHP_ROAD_TYPE,PEDESTRIAN_ACCIDENT,BICYCLE_ACCIDENT,MOTORCYCLE_ACCIDENT,TRUCK_ACCIDENT,NOT_PRIVATE_PROPERTY,ALCOHOL_INVOLVED,STWD_VEHTYPE_AT_FAULT,CHP_VEHTYPE_AT_FAULT,COUNT_SEVERE_INJ,COUNT_VISIBLE_INJ,COUNT_COMPLAINT_PAIN,COUNT_PED_KILLED,COUNT_PED_INJURED,COUNT_BICYCLIST_KILLED,COUNT_BICYCLIST_INJURED,COUNT_MC_KILLED,COUNT_MC_INJURED,PRIMARY_RAMP,SECONDARY_RAMP,LATITUDE,LONGITUDE,COUNTY,CITY,POINT_X,POINT_Y
6292806,2015,2016-02-25,9725,2015-06-15,1724,18966,,1,2,9,3500,0,1,3,,1,054,"RT 25","SHORE RD",7392.00,N,N,A,-,Y,SBT,5,25,-,-,56.390,H,-,S,Y,1,1,5,7,A,-,04,21703,,N,C,C,A,A,H,-,A,D,0,,,Y,Y,Y,,G,27,1,1,3,0,0,0,0,1,0,"- ","- ",36.940869999999997,-121.49624,"SAN BENITO",UNINCORPORATED,-121.45491629999999,36.921235080000002
6578555,2014,2014-08-13,9725,2014-06-29,1800,019221,,7,2,9,3500,0,3,5,,2,007,"SOUTHSIDE RD","BLOSSOM LN",5280.00,S,N,A,-,N,,,,,,,,,,Y,2,0,1,1,A,-,08,22107,,F,E,I,A,A,H,-,A,D,0,,,Y,,Y,,C,02,1,0,0,0,0,0,0,0,1,"- ","- ",36.80236,-121.36564,"SAN BENITO",UNINCORPORATED,-121.36568226,36.802979669999999
6582469,2014,2014-08-18,9725,2014-07-05,2320,020799,,6,3,9,3500,0,2,4,,1,052,"SHORE RD","LAKE RD",518.00,E,N,A,-,N,,,,,,,,,,Y,2,0,1,1,A,-,01,23152,A,N,E,I,A,A,H,-,D,D,0,,,Y,,Y,Y,C,02,1,0,0,0,0,0,0,0,1,"- ","- ",36.942320000000002,-121.44614,"SAN BENITO",UNINCORPORATED,-121.44474864999999,36.942725250000002
6594833,2014,2016-01-15,9725,2014-07-14,1520,019838,,1,2,9,3500,0,3,5,,2,007,"SOUTHSIDE RD","COUNTY LABOR CAMP RD",5280.00,S,N,A,-,N,,,,,,,,,,Y,2,0,1,1,A,-,08,22107,,N,E,J,A,A,H,-,A,D,0,,,,,Y,,A,01,1,0,0,0,0,0,0,0,0,"- ","- ",36.792920000000002,-121.37052,"SAN BENITO",UNINCORPORATED,-121.36907816,36.792907790000001
6594845,2014,2014-09-04,3501,2014-07-05,1636,01493,3501,6,5,4,3501,0,0,0,,0,DAY,"SAN FELIPE RD","SAN FELIPE FRONTAGE",60.00,S,N,A,-,N,,,,,,,,,,Y,2,0,2,1,B,-,22,,,N,F,A,A,A,H,-,A,D,0,,,Y,,Y,,C,02,1,1,0,0,0,0,0,0,2,"- ","- ",,,"SAN BENITO",HOLLISTER,-121.40145518,36.894776389999997
6642189,2014,2014-10-06,9725,2014-09-05,1808,019887,,5,2,9,3500,0,2,4,,1,052,"FAIRVIEW RD","FAIRVIEW CT",500.00,E,N,A,-,N,,,,,,,,,,Y,2,0,1,1,A,-,03,22350,,N,F,A,A,A,H,-,A,D,0,,,Y,,Y,,C,02,1,0,0,0,0,0,0,0,1,"- ","- ",36.908549999999998,-121.36584999999999,"SAN BENITO",UNINCORPORATED,-121.36458383,36.905896859999999
6678020,2015,2016-02-02,9725,2015-07-05,1605,20952,,7,2,9,3500,0,1,3,,1,051,"RT 25","LA GLORIA RD",1056.00,S,N,A,-,Y,SBT,5,25,-,-,25.800,H,-,S,Y,1,1,1,1,A,-,08,22107,,N,F,A,A,A,H,-,A,D,0,,,Y,,Y,,C,02,1,0,0,0,0,0,0,1,1,"- ","- ",36.564,-121.1802,"SAN BENITO",UNINCORPORATED,-121.18051615,36.564153619999999
6679980,2014,2014-12-22,9725,2014-10-07,2330,20742,,2,3,9,3500,0,1,3,,2,055,"RT 156","RT 25",204.00,E,N,A,-,Y,,,156,,,,,,,Y,2,0,2,2,A,-,11,21956,A,N,G,B,E,A,H,-,D,D,0,Y,,,,Y,,N,60,1,1,0,0,1,0,0,0,0,"- ","- ",36.89622,-121.42717,"SAN BENITO",UNINCORPORATED,-121.42723783,36.896239809999997
6718262,2014,2015-03-19,9725,2014-10-24,0130,20101,,5,3,9,3500,0,1,2,,1,056,"RT 101","SAN BENITO RIVER BR",724.00,N,N,A,-,Y,SBT,5,101,-,-,5.350,H,-,S,Y,1,2,1,1,A,-,01,23152,A,N,F,A,A,A,H,-,D,D,1,,,,,Y,Y,A,01,1,0,0,0,0,0,0,0,0,"- ","- ",36.8902,-121.55741,"SAN BENITO",UNINCORPORATED,-121.55832977,36.888490939999997
6726853,2014,2015-01-15,9725,2014-11-11,2140,18684,,2,2,9,3500,0,1,3,,1,051,"RT 25","1ST ST",820.00,N,N,A,-,Y,,,25,,,,,,,Y,2,0,2,1,A,-,03,22350,,N,H,A,A,A,H,-,D,D,0,,,Y,,Y,Y,C,02,1,1,0,0,0,0,0,0,2,"- ","- ",36.7896,-121.3207,"SAN BENITO",UNINCORPORATED,-121.32065934000001,36.789679620000001
6852612,2015,2015-03-20,3501,2015-02-12,2203,10795,3501,4,5,4,3501,0,0,0,,0,,"SAN JUAN RD","MILLER RD",0.00,,Y,A,-,N,,,,,,,,,,Y,2,0,1,2,A,-,11,21456,B,N,G,B,B,A,H,-,C,A,0,Y,,,,Y,,N,60,1,0,0,0,1,0,0,0,0,"- ","- ",,,"SAN BENITO",HOLLISTER,-121.42132985000001,36.853130040000003
6854051,2015,2017-04-21,9725,2015-02-10,0045,20754,,2,3,9,3500,0,1,3,,1,054,"RT 25","SHORE RD",9504.00,N,N,A,-,Y,SBT,5,25,-,-,59.610,H,-,S,Y,1,1,0,1,A,-,08,22107,,N,E,I,A,-,H,-,D,D,0,,,,,Y,,D,22,0,0,0,0,0,0,0,0,0,"- ","- ",36.944400000000002,-121.50391,"SAN BENITO",UNINCORPORATED,-121.50463693,36.944726410000001
6862974,2015,2015-03-27,9725,2015-03-16,1745,21005,,1,2,9,3500,0,2,4,,1,052,"FAIRVIEW RD","RT 156",3696.00,N,N,A,-,N,,,,,,,,,,Y,2,0,3,2,A,-,09,21804,A,N,D,C,A,A,H,-,A,D,0,,,,,Y,,A,01,1,1,1,0,0,0,0,0,0,"- ","- ",36.937139999999999,-121.40049,"SAN BENITO",UNINCORPORATED,-121.39988334,36.937054009999997
6947058,2015,2015-06-09,9725,2015-04-29,1645,19415,,3,2,9,3500,0,3,5,,2,005,"PANOCHE RD","COTTONWOOD RD",1056.00,E,N,A,-,N,,,,,,,,,,Y,2,0,2,2,A,-,08,22107,,N,D,C,A,A,H,-,A,D,0,,,Y,,Y,,M,46,2,0,0,0,0,0,0,0,1,"- ","- ",36.694980000000001,-121.22672,"SAN BENITO",UNINCORPORATED,-121.22692336,36.695183399999998
6979860,2015,2015-07-11,3501,2015-05-06,2056,10795,3501,3,5,4,3501,0,0,0,,0,GRA,"NASH RD","CIENEGA RD",0.00,,Y,A,-,N,,,,,,,,,,Y,2,0,1,2,A,-,09,21802,A,N,D,C,A,A,H,-,C,A,0,,,Y,,Y,,A,01,1,0,0,0,0,0,0,0,1,"- ","- ",,,"SAN BENITO",HOLLISTER,-121.40060994,36.83970008
7006159,2015,2017-04-06,9725,2015-06-14,1910,19415,,7,2,4,3501,0,1,3,,1,054,"RT 25","SAN FELIPE RD",400.00,N,N,A,-,Y,SBT,5,25,-,R,52.290,H,-,N,Y,1,1,1,2,A,-,01,23152,F,N,A,C,A,A,H,-,A,D,0,,,Y,,Y,Y,A,01,0,1,0,0,0,0,0,1,0,"- ","- ",,,"SAN BENITO",HOLLISTER,-121.40250905000001,36.865494630000001
7014047,2015,2015-08-12,9725,2015-06-30,1518,18966,,2,2,9,3500,0,3,5,,2,005,"BEST RD","RT 25",1056.00,N,N,A,-,N,,,,,,,,,,Y,2,0,2,1,A,-,08,22107,,N,E,I,A,A,H,-,A,D,0,,,,,Y,,A,01,1,0,1,0,0,0,0,0,0,"- ","- ",36.810299999999998,-121.34705,"SAN BENITO",UNINCORPORATED,-121.34539961999999,36.811924609999998
7047189,2015,2015-09-15,3501,2015-06-17,1813,10910,3501,3,5,4,3501,0,0,0,,0,GRA,"SAN JUAN RD","MILLER RD",25.00,N,N,A,-,N,,,,,,,,,,Y,2,0,1,2,A,-,03,22350,,N,C,C,A,A,H,-,A,D,0,,,Y,,Y,,C,02,1,0,0,0,0,0,0,0,1,"- ","- ",,,"SAN BENITO",HOLLISTER,-121.42133,36.85313
7065109,2015,2015-09-16,9725,2015-06-29,1820,18966,,1,2,9,3500,0,3,5,,2,007,"SALINAS RD","RENTON CIR",8976.00,S,N,A,-,N,,,,,,,,,,Y,2,0,1,1,A,-,08,22107,,N,F,A,A,A,H,-,A,D,0,,,,,Y,,A,01,1,0,0,0,0,0,0,0,0,"- ","- ",36.835900000000002,-121.56270000000001,"SAN BENITO",UNINCORPORATED,-121.53265,36.839109999999998
7122986,2015,2015-11-23,3501,2015-10-18,0404,10916,3501,7,5,4,3501,0,0,0,,0,GRA,"UNION RD","CALISTOGA DR",0.00,,N,A,-,N,,,,,,,,,,Y,2,0,1,1,A,-,01,23152,A,N,A,I,A,A,H,-,C,D,0,,,,,Y,Y,A,01,1,0,0,0,0,0,0,0,0,"- ","- ",,,"SAN BENITO",HOLLISTER,-121.37037993,36.828150020000002
7147336,2014,2016-01-28,3501,2014-12-07,1140,418,HOLLI,7,5,4,3501,0,0,0,,0,551OHV,"ATV TRACK","HOLLISTER HILLS",0.00,,N,A,-,N,,,,,,,,,,N,2,0,1,1,A,-,00,38300,,N,F,A,A,A,H,-,A,D,0,,,Y,,Y,,C,02,1,0,0,0,0,0,0,0,1,"- ","- ",36.462200000000003,-121.2484,"SAN BENITO",HOLLISTER,,
7147340,2014,2016-02-16,3501,2014-12-28,1230,R1589,556,7,5,4,3501,0,0,0,,0,244,"OLIVE ORCHARD RETURN","LAKE RD",1320.00,,N,A,-,N,,,,,,,,,,N,2,0,1,1,B,-,22,,,N,F,A,A,A,A,B,A,A,0,,,,,Y,,-,,1,0,0,0,0,0,0,0,0,"- ","- ",,,"SAN BENITO",HOLLISTER,,
8042203,2016,2016-06-01,3501,2016-04-11,0058,10964,3501,1,5,4,3501,0,0,0,,0,GRA,"CHAPPELL RD","MERIDIAN ST",80.00,S,N,A,-,N,,,,,,,,,,Y,2,0,1,3,A,-,00,2800,2,N,C,E,A,A,H,-,C,D,0,,,,,Y,,A,01,1,0,0,0,0,0,0,0,0,"- ","- ",,,"SAN BENITO",HOLLISTER,-121.39676101000001,36.851970889999997
8097858,2016,2016-08-17,3501,2016-07-09,2212,1493,3501,6,5,4,3501,0,0,0,,0,GRA,"4TH ST","GRAF RD",528.00,E,N,A,-,N,,,,,,,,,,N,2,0,1,2,A,-,11,21954,A,N,G,B,D,A,H,-,D,D,0,Y,,,,Y,Y,N,60,1,0,0,0,1,0,0,0,0,"- ","- ",,,"SAN BENITO",HOLLISTER,-121.42401785,36.853231479999998
8141003,2016,2016-10-12,3501,2016-08-07,1944,10653,3501,7,5,4,3501,0,0,0,,0,GRA,"HILLCREST RD","EL CAMINO PARAISO",545.00,E,N,A,-,N,,,,,,,,,,Y,2,0,1,2,A,-,09,21801,A,F,D,C,A,A,H,-,A,D,0,,,Y,,Y,,D,22,1,0,0,0,0,0,0,0,1,"- ","- ",,,"SAN BENITO",HOLLISTER,-121.37388039,36.847102839999998
8157984,2016,2016-11-08,3501,2016-09-22,0850,10634,3501,4,5,4,3501,0,0,0,,0,DAY,"4TH ST","RAJKOVICH WY",58.00,W,N,A,-,N,,,,,,,,,,Y,2,0,1,2,A,-,08,22107,,N,E,I,A,A,H,-,A,D,0,,,,Y,Y,,A,07,1,0,0,0,0,0,0,0,0,"- ","- ",,,"SAN BENITO",HOLLISTER,-121.41893327,36.853020430000001
8197631,2016,2017-01-05,3501,2016-11-13,1208,418,565,7,5,4,3501,0,0,0,,0,244,"FAULT LINE TRL","GARCIA GULCH",0.00,,Y,A,-,N,,,,,,,,,,N,2,0,1,1,D,-,00,,,N,F,A,A,A,H,-,A,D,0,,,,,Y,,-,"- ",1,0,0,0,0,0,0,0,0,"- ","- ",,,"SAN BENITO",HOLLISTER,,
8287551,2016,2017-01-31,3501,2016-11-12,1748,10634,3501,6,5,4,3501,0,0,0,,0,DAY,"4TH ST","SAN BENITO ST",0.00,,Y,A,-,N,,,,,,,,,,N,2,0,1,2,A,-,12,21453,A,N,D,G,A,A,H,-,C,A,0,,Y,,,Y,,L,04,1,0,0,0,0,0,1,0,0,"- ","- ",,,"SAN BENITO",HOLLISTER,-121.40205992999999,36.852510010000003
8365540,2017,2017-05-15,3501,2017-03-13,2215,10925,3501,1,5,4,3501,0,0,0,,0,,"4TH ST","POWELL ST",115.00,E,N,A,-,N,,,,,,,,,,Y,2,0,2,3,A,-,08,22107,,N,C,E,A,A,H,-,C,D,0,,,,,Y,,A,01,1,0,1,0,0,0,0,0,0,"- ","- ",,,"SAN BENITO",HOLLISTER,-121.40720700999999,36.85261259
8404690,2017,2018-08-27,3501,2017-11-09,2135,10910,3501,4,5,4,3501,0,0,0,,0,GRA,"RT 25","MERIDIAN ST",0.00,,Y,A,-,Y,SBT,5,25,-,R,50.810,H,-,N,Y,1,1,0,5,A,-,11,21954,A,N,A,B,D,A,H,-,D,A,0,Y,,,,Y,,N,60,0,0,0,1,0,0,0,0,0,"- ","- ",,,"SAN BENITO",HOLLISTER,-121.39020291,36.851974220000002
8424668,2017,2017-08-18,3501,2017-06-16,1858,10964,3501,5,5,4,3501,0,0,0,,0,GRA,"MCCRAY ST","MCCRAY ST 271",0.00,E,N,A,-,N,,,,,,,,,,Y,2,0,2,2,A,-,01,23153,A,N,D,C,A,A,H,-,A,D,0,,,,,Y,,A,01,1,0,1,0,0,0,0,0,0,"- ","- ",,,"SAN BENITO",HOLLISTER,-121.39899909,36.853708650000002
8429873,2017,2017-08-18,3501,2017-06-01,1730,10993,3501,4,5,4,3501,0,0,0,,0,DAY,"GABILAN DR","HIGHLAND DR",453.00,W,N,A,-,N,,,,,,,,,,N,2,0,1,2,C,-,18,,,N,G,B,D,A,H,-,A,D,0,Y,,,,Y,,-,"- ",1,0,0,0,1,0,0,0,0,"- ","- ",,,"SAN BENITO",HOLLISTER,-121.37540674,36.837842799999997
8482194,2017,2018-06-25,3501,2017-08-19,2250,10998,3501,6,5,4,3501,0,0,0,,0,GRA,"RT 25","HILLCREST RD",0.00,,Y,A,-,Y,SBT,5,25,-,R,50.518,I,5,N,Y,2,0,4,2,A,-,12,21453,A,N,D,C,A,A,H,-,C,A,0,,,,,Y,Y,A,01,1,1,2,0,0,0,0,0,0,"- ","- ",,,"SAN BENITO",HOLLISTER,-121.39017835,36.847769960000001
8518243,2017,2017-12-19,3501,2017-09-23,0950,10993,3501,6,5,4,3501,0,0,0,,0,DAY,"HILLCREST RD","JOE BOROVICH DR",19.00,E,N,A,-,N,,,,,,,,,,Y,2,0,2,2,A,-,04,21703,,N,C,C,A,A,H,-,A,D,0,,,,,Y,,A,01,1,0,1,0,0,0,0,0,0,"- ","- ",,,"SAN BENITO",HOLLISTER,-121.38785509,36.847648309999997
8518251,2017,2018-06-01,3501,2017-09-22,0636,01009,3501,5,5,4,3501,0,0,0,,0,DAY,"MERIDIAN ST","RT 25 BYPASS HWY",48.00,E,N,A,-,Y,SBT,5,25,-,R,50.809,I,5,N,Y,2,0,2,2,A,-,09,21801,A,N,A,C,A,A,H,-,A,A,0,,,,,Y,,A,01,2,0,0,0,0,0,0,0,0,"- ","- ",,,"SAN BENITO",HOLLISTER,-121.39020291,36.851974220000002
8715854,2018,2018-10-15,3501,2018-04-25,2034,10895,3501,3,5,4,3501,0,0,0,,0,GRA,"SAN BENITO ST","1ST ST",14.00,N,N,A,-,N,,,,,,,,,,N,2,0,1,2,A,-,11,21954,A,N,G,B,D,A,H,-,C,D,0,Y,,,,Y,Y,N,60,1,0,0,0,1,0,0,0,0,"- ","- ",,,"SAN BENITO",HOLLISTER,-121.40194702148438,36.855667114257812
8781768,2018,2019-02-11,3501,2018-11-30,1321,75300,3501,5,5,4,3501,0,0,0,,0,DAY,"SAN JUAN RD","SAN JUAN HOLLISTER RD",300.00,E,N,A,-,N,,,,,,,,,,Y,2,0,2,4,A,-,08,22107,,N,B,C,A,A,H,-,A,D,0,,,,,Y,,E,22,1,0,1,0,0,0,0,0,0,"- ","- ",,,"SAN BENITO",HOLLISTER,-121.44381713867188,36.852302551269531
8790325,2018,2019-02-14,3501,2018-09-08,1455,10668,3501,6,5,4,3501,0,0,0,,0,DAY,"SAN FELIPE RD","WRIGHT RD",36.00,S,N,A,-,N,,,,,,,,,,Y,2,0,1,2,A,-,01,23153,A,N,C,C,A,A,H,-,A,A,0,,,,,Y,Y,A,01,1,0,0,0,0,0,0,0,0,"- ","- ",,,"SAN BENITO",HOLLISTER,-121.40123748779297,36.869270324707031
8911463,2020,2020-10-22,3501,2020-06-19,1019,1106,3501,5,5,4,3501,0,0,0,,0,DAY,"RT 25 BYPASS","HILLCREST RD",331.00,N,N,A,-,Y,SBT,5,25,-,R,50.650,H,-,N,Y,1,1,0,3,A,-,08,22107,,N,B,C,A,A,H,-,A,D,0,,,Y,,Y,,C,02,0,0,0,0,0,0,0,1,0,"- ","- ",,,"SAN BENITO",HOLLISTER,-121.39009094238281,36.849678039550781
8915763,2019,2019-08-13,3501,2019-07-07,1445,1693,680,7,5,4,3501,0,0,0,,0,244,"HARMONY GATE TRL","HOLLOW TREE RD",0.00,,Y,A,-,N,,,,,,,,,,N,2,0,1,1,A,-,00,38304,,N,E,I,A,A,B,-,A,A,0,,,Y,,Y,,C,02,1,0,0,0,0,0,0,0,1,"- ","- ",36.777900695800781,-121.43850708007812,"SAN BENITO",HOLLISTER,,
8939227,2019,2019-12-11,3501,2019-09-04,1357,10926,3501,3,5,4,3501,0,0,0,,0,DAY,"SAN FELIPE RD","FALLON RD",0.00,,Y,A,-,N,,,,,,,,,,Y,1,1,0,2,A,-,12,21453,A,N,D,C,A,-,-,-,A,A,0,,,Y,,Y,,C,02,0,0,0,0,0,0,0,1,0,"- ","- ",,,"SAN BENITO",HOLLISTER,-121.40023803710938,36.885669708251953
90028099,2015,2015-10-19,9725,2015-09-23,1430,021067,,3,2,9,3500,0,3,5,,2,005,"PANOCHE RD",SR-25,5808.00,E,N,A,-,N,,,,,,,,,,Y,2,0,1,1,A,-,08,22107,,N,E,I,A,A,H,-,A,D,0,,,,,Y,,A,07,1,0,0,0,0,0,0,0,0,"- ","- ",36.720970000000001,-121.26116,"SAN BENITO",UNINCORPORATED,-121.2618506,36.721517540000001
90090211,2015,2016-01-07,9725,2015-12-21,1550,020276,,1,2,9,3500,0,1,3,,1,057,SR-129,"PAJARO RD.",300.00,W,N,B,C,Y,,,129,,,,,,,Y,1,2,1,2,A,-,05,21460,A,N,D,C,A,B,H,-,A,D,0,,,,,Y,,A,01,0,0,1,0,0,0,0,0,0,"- ","- ",36.900129999999997,-121.59668000000001,"SAN BENITO",UNINCORPORATED,-121.59669365000001,36.900101929999998
90139989,2016,2016-03-21,9725,2016-03-11,1525,020754,,5,2,9,3500,0,1,3,,1,051,SR-25,"LIVE OAK RD",3696.00,S,N,B,C,Y,,,25,,,,,,,Y,2,0,1,1,A,-,08,22107,,N,F,A,A,B,H,-,A,D,0,,,,,Y,,D,22,1,0,0,0,0,0,0,0,0,"- ","- ",36.646720000000002,-121.23609999999999,"SAN BENITO",UNINCORPORATED,-121.23622831,36.646639520000001
90146595,2016,2016-03-29,9725,2016-03-19,1355,020742,,6,1,9,3500,0,1,3,,1,051,SR-25,"QUIEN SABE RD",10560.00,S,N,A,-,Y,,,25,,,,,,,N,2,0,1,2,A,-,04,21703,,N,F,A,A,A,H,-,A,D,0,,Y,,,Y,,L,04,1,0,0,0,0,0,1,0,0,"- ","- ",36.761310000000002,-121.29644,"SAN BENITO",UNINCORPORATED,-121.29646773,36.76128928
90165018,2016,2016-04-25,9725,2016-04-22,1630,020854,,5,2,9,3500,0,1,3,,2,053,"SR-156 W/B","ROCKS ROAD",1320.00,W,N,A,-,Y,,,156,,,,,,W,Y,2,0,1,3,A,-,03,22350,,N,C,C,A,B,H,-,A,D,0,,,,,Y,,A,07,1,0,0,0,0,0,0,0,0,"- ","- ",36.856619999999999,-121.57232,"SAN BENITO",UNINCORPORATED,-121.57230125,36.856642309999998
90172505,2016,2016-05-04,9725,2016-04-30,1905,020854,,6,2,9,3500,0,3,5,,2,005,"LITTLE RIVER DRIVE","COMSTOCK ROAD",0.00,,Y,A,-,N,,,,,,,,,,N,2,0,1,1,A,-,01,23152,A,N,E,I,A,A,H,-,A,A,0,,,Y,,Y,Y,C,02,1,0,0,0,0,0,0,0,1,"- ","- ",36.926380000000002,-121.35332,"SAN BENITO",UNINCORPORATED,-121.35333987999999,36.926420020000002
90178261,2016,2016-05-12,9725,2016-05-10,0920,013521,,2,1,9,3500,0,2,4,,1,052,"SHORE ROAD","PERRY COURT",1056.00,W,N,A,-,N,,,,,,,,,,Y,2,0,2,2,A,-,03,22350,,N,A,C,A,A,H,-,A,D,0,,,,,Y,,A,07,1,0,1,0,0,0,0,0,0,"- ","- ",36.942070000000001,-121.43843,"SAN BENITO",UNINCORPORATED,-121.43847938,36.942049750000002
90212302,2016,2016-06-29,9725,2016-06-27,1440,020754,,1,2,9,3500,0,3,5,,2,007,"SAN JUSTO RD","PRESCOTT RD",1584.00,W,N,A,-,N,,,,,,,,,,Y,2,0,1,1,A,-,01,23152,A,N,F,A,A,A,H,-,A,D,0,,,,,Y,Y,A,07,1,0,0,0,0,0,0,0,0,"- ","- ",36.864420000000003,-121.54445,"SAN BENITO",UNINCORPORATED,-121.54363651,36.863956989999998
90215669,2016,2016-07-05,9725,2016-06-24,2230,020781,,5,3,9,3500,0,3,5,,2,005,"BOLADO RD","QUIEN SABE RD",86.00,N,N,A,-,N,,,,,,,,,,Y,2,0,1,1,A,-,01,23152,A,N,E,I,A,A,H,-,D,D,0,,,,,Y,Y,A,07,1,0,0,0,0,0,0,0,0,"- ","- ",36.784999999999997,-121.31986999999999,"SAN BENITO",UNINCORPORATED,-121.31975708,36.784838739999998
90220250,2016,2016-07-11,9725,2016-07-03,1318,019288,,7,1,9,3500,0,3,5,,2,007,"SAN JUAN HIGHWAY","ANZAR RD",55.00,S,N,A,-,N,,,,,,,,,,N,2,0,2,1,A,-,03,22350,,N,F,A,A,A,H,-,A,D,0,,,Y,,Y,,C,02,1,1,0,0,0,0,0,0,2,"- ","- ",36.875369999999997,-121.55426,"SAN BENITO",UNINCORPORATED,-121.55433846,36.875308920000002
90224276,2016,2016-07-18,9725,2016-07-10,1430,020276,,7,2,9,3500,0,1,3,,2,053,SR-156,"US-101 N/B TO SR-156",0.00,,Y,A,-,Y,,,156,,,,,,,Y,2,0,1,2,A,-,09,21802,A,N,D,C,A,A,H,-,A,A,0,,,Y,,Y,,A,01,1,0,0,0,0,0,0,0,1,"- ","- ",36.861170000000001,-121.57791,"SAN BENITO",UNINCORPORATED,-121.5779302,36.861130660000001
90242487,2016,2016-08-11,9725,2016-07-25,1710,020742,,1,2,9,3500,0,1,3,,2,055,SR-156,"FAIRVIEW RD.",794.00,W,N,A,-,Y,,,156,,,,,,,Y,2,0,1,5,A,-,03,22350,,N,C,C,A,A,H,-,A,A,0,,,,Y,Y,,G,25,1,0,0,0,0,0,0,0,0,"- ","- ",36.930869999999999,-121.38884,"SAN BENITO",UNINCORPORATED,-121.3888508,36.930873329999997
90252731,2016,2016-08-25,9725,2016-06-16,2110,015579,,4,2,9,3500,0,3,5,,2,005,"SANTA ANA VALLEY ROAD","RODEO DRIVE",11088.00,E,N,A,-,N,,,,,,,,,,Y,1,1,0,1,A,-,01,23152,A,N,F,A,A,A,H,-,D,D,0,,,,,Y,Y,D,22,0,0,0,0,0,0,0,0,0,"- ","- ",36.853619999999999,-121.31010999999999,"SAN BENITO",UNINCORPORATED,-121.31010999999999,36.853619999999999
90259772,2016,2016-09-02,9725,2016-07-11,2055,020742,,1,2,9,3500,0,1,3,,2,053,SR-156,"LUCY BROWN RD",0.00,,Y,A,-,Y,,,156,,,,,,,Y,1,1,1,2,A,-,12,22450,A,N,D,C,A,A,H,-,D,A,0,,,,,Y,,A,08,0,0,1,0,0,0,0,0,0,"- ","- ",36.841270000000002,-121.5087,"SAN BENITO",UNINCORPORATED,-121.50869901999999,36.841207910000001
90274419,2016,2016-09-23,9725,2016-09-16,2000,021005,,5,2,9,3500,0,3,5,,2,005,"SANTA ANA VALLEY RD","QUIEN SABE RD",2112.00,N,N,A,-,N,,,,,,,,,,Y,2,0,1,1,A,-,08,22107,,N,E,I,A,A,H,-,D,D,0,,,,,Y,Y,A,07,1,0,0,0,0,0,0,0,0,"- ","- ",36.805840000000003,-121.27569,"SAN BENITO",UNINCORPORATED,-121.27572613,36.805875579999999
90293827,2016,2016-10-17,9725,2016-07-21,0527,020424,,4,3,9,3500,0,1,2,,1,056,"US-101 S/B","STATE ROUTE 156",412.00,N,N,A,-,Y,,,101,,,,,,S,Y,1,1,0,1,A,-,08,22107,,N,E,J,A,A,H,-,B,D,0,,,,,Y,,A,01,0,0,0,0,0,0,0,0,0,"- ","- ",36.862780000000001,-121.57868000000001,"SAN BENITO",UNINCORPORATED,-121.57860594,36.862652990000001
90302598,2016,2016-10-27,9725,2016-10-05,1038,019217,,3,1,9,3500,0,1,3,,1,054,"SR-25 S/B","BRIGGS RD.",100.00,N,N,A,-,Y,,,25,,,,,,S,Y,2,0,2,4,A,-,03,22350,,N,C,C,A,A,H,-,A,D,0,,,,,Y,,A,07,1,1,0,0,0,0,0,0,0,"- ","- ",36.877989999999997,-121.41247,"SAN BENITO",UNINCORPORATED,-121.41252205000001,36.877959330000003