CASE_ID,ACCIDENT_YEAR,PROC_DATE,JURIS,COLLISION_DATE,COLLISION_TIME,OFFICER_ID,REPORTING_DISTRICT,DAY_OF_WEEK,CHP_SHIFT,POPULATION,CNTY_CITY_LOC,SPECIAL_COND,BEAT_TYPE,CHP_BEAT_TYPE,CITY_DIVISION_LAPD,CHP_BEAT_CLASS,BEAT_NUMBER,PRIMARY_RD,SECONDARY_RD,DISTANCE,DIRECTION,INTERSECTION,WEATHER_1,WEATHER_2,STATE_HWY_IND,CALTRANS_COUNTY,CALTRANS_DISTRICT,STATE_ROUTE,ROUTE_SUFFIX,POSTMILE_PREFIX,POSTMILE,LOCATION_TYPE,RAMP_INTERSECTION,SIDE_OF_HWY,TOW_AWAY,COLLISION_SEVERITY,NUMBER_KILLED,NUMBER_INJURED,PARTY_COUNT,PRIMARY_COLL_FACTOR,PCF_CODE_OF_VIOL,PCF_VIOL_CATEGORY,PCF_VIOLATION,PCF_VIOL_SUBSECTION,HIT_AND_RUN,TYPE_OF_COLLISION,MVIW,PED_ACTION,ROAD_SURFACE,ROAD_COND_1,ROAD_COND_2,LIGHTING,CONTROL_DEVICE,CHP_ROAD_TYPE,PEDESTRIAN_ACCIDENT,BICYCLE_ACCIDENT,MOTORCYCLE_ACCIDENT,TRUCK_ACCIDENT,NOT_PRIVATE_PROPERTY,ALCOHOL_INVOLVED,STWD_VEHTYPE_AT_FAULT,CHP_VEHTYPE_AT_FAULT,COUNT_SEVERE_INJ,COUNT_VISIBLE_INJ,COUNT_COMPLAINT_PAIN,COUNT_PED_KILLED,COUNT_PED_INJURED,COUNT_BICYCLIST_KILLED,COUNT_BICYCLIST_INJURED,COUNT_MC_KILLED,COUNT_MC_INJURED,PRIMARY_RAMP,SECONDARY_RAMP,LATITUDE,LONGITUDE,COUNTY,CITY,POINT_X,POINT_Y
90325168,2016,2016-11-18,9725,2016-10-15,0733,018473,,6,1,9,3500,0,1,3,,1,054,"SR-25 S/B","BOLSA RD.",1056.00,S,N,B,-,Y,,,25,,,,,,S,Y,1,1,0,1,A,-,08,22107,,N,E,I,A,B,H,-,B,D,0,,,,,Y,,D,22,0,0,0,0,0,0,0,0,0,"- ","- ",36.945819999999998,-121.50675,"SAN BENITO",UNINCORPORATED,-121.50678542,36.945745799999997
90349681,2016,2016-12-20,9725,2016-11-02,0730,013521,,3,1,9,3500,0,2,4,,1,052,"SHORE ROAD","LAKE ROAD",126.00,W,N,B,-,N,,,,,,,,,,Y,2,0,1,3,A,-,05,21460,A,N,A,C,A,A,H,-,A,D,0,,,,Y,Y,,G,25,1,0,0,0,0,0,0,0,0,"- ","- ",36.942129999999999,-121.44644,"SAN BENITO",UNINCORPORATED,-121.44677502,36.942031219999997
90359810,2016,2017-01-23,9725,2016-07-23,1940,020967,,6,2,9,3500,0,1,3,,1,054,SR-25,"MCCONNELL RD",825.00,S,N,A,-,Y,,,25,,,,,,,Y,1,1,0,2,A,-,05,21460,A,N,A,C,A,A,H,-,A,D,0,,,Y,,Y,,C,02,0,0,0,0,0,0,0,1,0,"- ","- ",36.889060000000001,-121.42128,"SAN BENITO",UNINCORPORATED,-121.42132517,36.889026510000001
90372308,2017,2017-01-18,9725,2017-01-16,1810,019978,,1,2,9,3500,0,2,4,,1,052,"FAIRVIEW RD","LOS VIBORAS RD",845.00,N,N,A,-,N,,,,,,,,,,Y,2,0,4,3,A,-,06,21751,,N,A,C,A,A,H,-,D,D,0,,,,,Y,,A,01,2,0,2,0,0,0,0,0,0,"- ","- ",36.927669999999999,-121.3811,"SAN BENITO",UNINCORPORATED,-121.38005372000001,36.926913509999999
90377999,2017,2017-01-26,9725,2017-01-18,2015,021285,,3,2,9,3500,0,1,2,,1,056,"US-101 S/B","CANNON ROAD",2112.00,S,N,B,C,Y,,,101,,,,,,S,Y,2,0,1,1,A,-,01,23152,A,N,E,I,A,B,H,-,D,D,0,,,,,Y,Y,D,22,1,0,0,0,0,0,0,0,0,"- ","- ",36.861440000000002,-121.6112,"SAN BENITO",UNINCORPORATED,-121.61110686000001,36.8615803
90404522,2017,2017-03-02,9725,2017-02-20,2316,020781,,1,3,9,3500,0,1,2,,1,056,"US-101 N/B","SAN JUAN RD",3696.00,N,N,B,-,Y,,,101,,,,,,N,Y,2,0,2,1,A,-,08,22107,,N,E,I,A,B,H,-,D,D,0,,,,,Y,,A,01,2,0,0,0,0,0,0,0,0,"- ","- ",36.862760000000002,-121.61669000000001,"SAN BENITO",UNINCORPORATED,-121.61669021,36.862761659999997
90404633,2017,2017-03-02,9725,2017-02-20,2317,020781,,1,3,9,3500,0,1,2,,1,056,"US-101 N/B","SAN JUAN ROAD",3696.00,N,N,B,-,Y,,,101,,,,,,N,Y,2,0,4,3,A,-,01,23152,A,N,C,C,A,B,C,-,D,D,0,,,,,Y,Y,A,07,1,2,1,0,0,0,0,0,0,"- ","- ",36.862760000000002,-121.61669000000001,"SAN BENITO",UNINCORPORATED,-121.61669021,36.862761659999997
90405176,2017,2017-03-03,9725,2017-02-12,0755,018473,,7,1,9,3500,0,3,5,,2,005,"FRAZER LAKE RD.","SHORE RD.",7392.00,N,N,B,E,N,,,,,,,,,,Y,2,0,4,2,A,-,01,23152,F,N,A,C,A,A,H,-,A,D,0,,,,,Y,,A,01,1,0,3,0,0,0,0,0,0,"- ","- ",36.95241,-121.47501,"SAN BENITO",UNINCORPORATED,-121.47507183,36.952389119999999
90415384,2016,2017-03-20,9725,2016-11-23,0550,013521,,3,3,9,3500,0,3,5,,2,007,"BUENA VISTA AVE","WESTSIDE BLVD",0.00,,Y,B,-,N,,,,,,,,,,Y,1,1,0,2,A,-,09,21802,A,N,D,C,A,B,H,-,D,A,0,,,,,Y,,A,01,0,0,0,0,0,0,0,0,0,"- ","- ",36.857109999999999,-121.41448,"SAN BENITO",UNINCORPORATED,-121.41453987,36.857160069999999
90423319,2017,2017-03-29,9725,2017-03-25,0628,020787,,6,1,9,3500,0,1,2,,1,056,"US-101 N/B","ROCKS RD",3696.00,S,N,B,C,Y,,,101,,,,,,N,Y,2,0,4,3,A,-,03,22350,,N,D,C,A,B,H,-,D,D,0,,,,,Y,,A,01,1,0,3,0,0,0,0,0,0,"- ","- ",36.862609999999997,-121.61527,"SAN BENITO",UNINCORPORATED,-121.61525628,36.862706639999999
90424027,2017,2017-03-30,9725,2017-03-25,1057,018473,,6,1,9,3500,0,3,5,,2,005,"SAN FELIPE RD.",SR-156,85.00,N,N,A,B,N,,,,,,,,,,Y,2,0,2,2,A,-,03,22350,,N,F,A,A,A,H,-,A,D,0,,Y,,,Y,,L,04,2,0,0,0,0,0,2,0,0,"- ","- ",36.909300000000002,-121.40479999999999,"SAN BENITO",UNINCORPORATED,-121.4039559,36.908101709999997
90434233,2017,2017-04-14,9725,2017-04-08,2035,021602,,6,2,9,3500,0,3,5,,2,005,"ORCHARD RD","FOOTHILL RD",0.00,,Y,A,-,N,,,,,,,,,,Y,2,0,1,1,A,-,01,23152,A,N,E,I,A,A,H,-,D,D,0,,,Y,,Y,Y,C,02,1,0,0,0,0,0,0,0,1,"- ","- ",36.951369999999997,-121.36935,"SAN BENITO",UNINCORPORATED,-121.36932985999999,36.951370060000002
90435410,2017,2017-04-17,9725,2017-04-06,2334,021304,,4,3,9,3500,0,1,3,,1,054,SR-25,SR-156,0.00,,Y,B,C,Y,,,25,,,,,,,Y,2,0,2,2,A,-,12,21453,A,N,D,C,A,B,H,-,C,A,0,,,,Y,Y,,A,01,1,0,1,0,0,0,0,0,0,"- ","- ",36.89575,-121.42717,"SAN BENITO",UNINCORPORATED,-121.42734179,36.895582560000001
90446940,2017,2017-05-02,9725,2017-04-26,0020,020936,,3,3,9,3500,0,1,2,,1,056,"US-101 S/B","CANNON ROAD",1584.00,S,N,A,-,Y,,,101,,,,,,S,Y,2,0,2,1,A,-,08,22107,,N,F,A,A,A,H,-,D,D,0,,,,,Y,,A,01,1,1,0,0,0,0,0,0,0,"- ","- ",36.860729999999997,-121.60966000000001,"SAN BENITO",UNINCORPORATED,-121.60967895,36.860688109999998
90451209,2017,2017-05-08,9725,2017-05-03,0545,021618,,3,3,9,3500,0,1,3,,2,053,"SR-156 W/B","FLINT ROAD",196.00,E,N,A,-,Y,,,156,,,,,,W,Y,2,0,1,2,A,-,03,22350,,N,C,C,A,A,H,-,A,D,0,,,,,Y,,A,01,1,0,0,0,0,0,0,0,0,"- ","- ",36.841639999999998,-121.47161,"SAN BENITO",UNINCORPORATED,-121.47160995,36.841635230000001
90452169,2017,2017-05-09,9735,2017-05-07,1150,016696,,7,1,9,3500,0,3,5,,2,003,SR-25,"OLD COALINGA ROAD",21120.00,N,N,B,-,Y,,,25,,,,,,,Y,2,0,1,1,A,-,08,22107,,N,E,I,A,A,H,-,A,D,0,,,Y,,Y,,C,02,1,0,0,0,0,0,0,0,1,"- ","- ",36.428319999999999,-121.02208,"SAN BENITO",UNINCORPORATED,-121.02205549999999,36.428344340000002
90473459,2017,2017-06-08,9725,2017-05-29,1513,020742,,1,2,9,3500,0,1,3,,2,053,SR-156,"BIXBY RD",950.00,W,N,A,-,Y,,,156,,,,,,,Y,2,0,2,2,A,-,05,21460,A,N,A,C,A,A,H,-,A,D,0,,,,,Y,,D,22,1,0,1,0,0,0,0,0,0,"- ","- ",36.841290000000001,-121.49355,"SAN BENITO",UNINCORPORATED,-121.49355187,36.841390079999996
90495010,2017,2017-10-25,9725,2017-07-01,1140,018473,,6,1,9,3500,0,2,4,,1,052,"FAIRVIEW RD.","AQUISTAPACE RD.",97.00,N,N,A,-,N,,,,,,,,,,Y,1,1,2,2,A,-,01,23152,A,N,A,C,A,A,H,-,A,D,0,,,,,Y,Y,D,22,1,0,1,0,0,0,0,0,0,"- ","- ",36.920720000000003,-121.37227,"SAN BENITO",UNINCORPORATED,-121.37206024,36.920579310000001
90501548,2017,2018-02-07,9725,2017-05-24,2500,014585,,3,4,9,3500,0,3,5,,2,005,"NEW IDRIA RD","PANOCHE RD.",35904.00,S,N,A,-,N,,,,,,,,,,Y,1,1,0,1,A,-,01,23152,F,N,E,I,A,A,H,-,D,D,0,,,,,Y,,A,07,0,0,0,0,0,0,0,0,0,"- ","- ",36.517890000000001,-120.83274,"SAN BENITO",UNINCORPORATED,-120.83273063,36.518391039999997
90541332,2017,2017-09-06,9725,2017-08-27,2000,021798,,7,2,9,3500,0,3,5,,2,007,"THOMAS RD","SOUTHSIDE RD",3696.00,S,N,A,-,N,,,,,,,,,,N,2,0,1,1,A,-,01,23152,A,M,E,I,A,A,H,-,D,D,0,,,,,Y,Y,A,01,1,0,0,0,0,0,0,0,0,"- ","- ",36.786099999999998,-121.35629,"SAN BENITO",UNINCORPORATED,-121.35332141000001,36.780410949999997
90560715,2017,2017-10-02,9725,2017-09-02,1740,021285,,6,2,9,3500,0,2,4,,1,052,"FALLON ROAD","FAIRVIEW ROAD",0.00,,Y,A,-,N,,,,,,,,,,Y,1,1,1,2,A,-,09,21802,A,N,D,C,A,A,H,-,A,A,0,,,,,Y,,D,22,0,1,0,0,0,0,0,0,0,"- ","- ",36.90231,-121.36362,"SAN BENITO",UNINCORPORATED,-121.36364,36.90226011
90576777,2017,2017-10-24,9725,2017-10-16,0405,021660,,1,3,9,3500,0,1,3,,1,054,SR-25,"FLYNN RD",0.00,,Y,A,-,Y,,,25,,,,,,,Y,2,0,1,2,A,-,09,21801,A,N,D,C,A,A,H,-,D,D,0,,,Y,,Y,,D,22,1,0,0,0,0,0,0,0,1,"- ","- ",36.882309999999997,-121.41553999999999,"SAN BENITO",UNINCORPORATED,-121.41559365000001,36.882260209999998
90578480,2017,2017-10-25,9725,2017-10-20,0630,021798,,5,1,9,3500,0,1,2,,1,056,"US-101 S/B","CANNON RD",1462.00,S,N,A,-,Y,,,101,,,,,,S,Y,2,0,1,1,A,-,03,22350,,N,E,I,A,A,H,-,C,A,0,,,,,Y,,A,01,1,0,0,0,0,0,0,0,0,"- ","- ",36.860950000000003,-121.61032,"SAN BENITO",UNINCORPORATED,-121.61027627,36.86102005
90601677,2017,2017-11-24,9725,2017-11-22,0555,021285,,3,3,9,3500,0,1,2,,1,056,"S/B US-101","N/W SAN BENITO BRIDGE ABUTMENT",95.00,S,N,A,-,Y,,,101,,,,,,,Y,2,0,4,1,A,-,01,23153,A,N,E,I,A,A,H,-,D,D,0,,,,,Y,Y,A,07,1,3,0,0,0,0,0,0,0,"- ","- ",36.88814,-121.55858000000001,"SAN BENITO",UNINCORPORATED,-121.55854294,36.888118769999998
90604607,2017,2017-11-29,9725,2017-10-15,0925,019217,,7,1,9,3500,0,2,4,,1,052,"FAIRVIEW ROAD","ROSA MORADA RD",2640.00,S,N,A,-,N,,,,,,,,,,Y,1,1,0,1,A,-,08,22107,,N,E,I,A,A,H,-,A,D,0,,,,,Y,,A,07,0,0,0,0,0,0,0,0,0,"- ","- ",36.88541,-121.36362,"SAN BENITO",UNINCORPORATED,-121.36367,36.886548130000001
90632250,2017,2018-01-03,9725,2017-12-09,1300,018473,,6,1,9,3500,0,1,3,,1,051,SR-25,"LA GLORIA RD.",3168.00,S,N,A,-,Y,,,25,,,,,,,Y,2,0,1,2,A,-,05,21460,A,N,A,C,A,A,H,-,A,D,0,,,Y,,Y,,C,02,1,0,0,0,0,0,0,0,1,"- ","- ",36.56071,-121.17519,"SAN BENITO",UNINCORPORATED,-121.17518447,36.560711380000001
90656435,2018,2018-04-10,9725,2018-02-01,0315,021285,,4,3,9,3500,0,3,5,,2,007,"SAN JUAN HIGHWAY","ANZAR ROAD",4224.00,S,N,A,-,N,,,,,,,,,,Y,2,0,3,1,A,-,03,22350,,N,E,I,A,A,H,-,D,D,0,,,,,Y,,A,01,2,1,0,0,0,0,0,0,0,"- ","- ",36.863498687744141,-121.55377197265625,"SAN BENITO",UNINCORPORATED,-121.55414581298828,36.863872528076172
90661281,2018,2018-02-14,9725,2018-02-09,0415,021202,,5,3,9,3500,0,1,2,,1,056,"US 101 S/B","SAN JUAN RD",4730.00,N,N,A,-,Y,,,,,,,,,,Y,2,0,1,1,A,-,08,22107,,N,E,C,A,A,H,-,D,D,0,,,,,Y,,A,08,1,0,0,0,0,0,0,0,0,"- ","- ",36.862491607666016,-121.61260223388672,"SAN BENITO",UNINCORPORATED,-121.61411285400391,36.863018035888672
90677431,2018,2018-03-08,9725,2018-02-19,1658,019978,,1,2,9,3500,0,1,3,,1,051,SR-25,"CIENEGA RD",6864.00,S,N,A,-,Y,,,25,,,,,,,Y,1,1,1,2,A,-,03,22350,,N,H,G,A,A,H,-,A,D,0,,Y,,,Y,,A,07,0,1,0,0,0,1,0,0,0,"- ","- ",36.695770263671875,-121.26940155029297,"SAN BENITO",UNINCORPORATED,-121.27001953125,36.695289611816406
90688696,2018,2018-03-23,9725,2018-01-06,0738,018473,,6,1,9,3500,0,1,2,,1,056,"US-101 S/B","CANNON RD.",1584.00,S,N,B,C,Y,,,101,,,,,,S,Y,1,1,0,1,A,-,08,22107,,N,E,I,A,B,H,-,B,D,0,,,,,Y,,A,01,0,0,0,0,0,0,0,0,0,"- ","- ",36.860969543457031,-121.61033630371094,"SAN BENITO",UNINCORPORATED,-121.61029815673828,36.861034393310547
90699604,2018,2018-04-05,9725,2018-02-25,1610,021285,,7,2,9,3500,0,1,3,,2,055,SR-156,"SAN FELIPE ROAD",0.00,,Y,A,-,Y,,,156,,,,,,,Y,1,1,1,2,A,-,09,21453,C,N,F,A,A,A,H,-,A,A,0,,,Y,,Y,,C,02,0,1,0,0,0,0,0,1,1,"- ","- ",36.907878875732422,-121.40399169921875,"SAN BENITO",UNINCORPORATED,-121.40398406982422,36.907852172851562
90721739,2018,2018-09-26,9725,2018-04-22,2105,021285,,7,2,9,3500,0,3,5,,2,005,"SAN FELIPE ROAD",SR-152,4752.00,S,N,A,-,N,,,,,,,,,,Y,1,1,0,1,A,-,01,23152,G,N,E,I,A,A,H,-,D,D,0,,,,,Y,Y,A,01,0,0,0,0,0,0,0,0,0,"- ","- ",36.957790374755859,-121.41699981689453,"SAN BENITO",UNINCORPORATED,-121.41708374023438,36.957725524902344
90722155,2018,2018-05-08,9725,2018-05-02,1835,021304,,3,2,9,3500,0,1,3,,1,051,SR-25,"3RD ST",0.00,,N,A,-,Y,,,25,,,,,,,Y,2,0,2,4,A,-,08,22107,,N,C,E,A,A,H,-,A,D,0,,,,,Y,,D,22,1,1,0,0,0,0,0,0,0,"- ","- ",36.788551330566406,-121.31890106201172,"SAN BENITO",UNINCORPORATED,-121.31880187988281,36.788742065429688
90738423,2018,2018-05-31,9725,2018-05-12,0703,018473,,6,1,9,3500,0,3,5,,2,005,"ORCHARD RD.","FAIRVIEW RD.",6336.00,E,N,B,-,N,,,,,,,,,,Y,2,0,1,1,A,-,08,22107,,N,E,I,A,A,H,-,B,D,0,,,,,Y,,A,01,1,0,0,0,0,0,0,0,0,"- ","- ",36.945869445800781,-121.37383270263672,"SAN BENITO",UNINCORPORATED,-121.37378692626953,36.945926666259766
90745555,2018,2018-06-11,9725,2018-06-02,1500,021781,,6,2,9,3500,0,3,5,,2,007,"SAN JUSTO ROAD","PRESCOTT ROAD",30.00,W,N,A,-,N,,,,,,,,,,N,2,0,1,2,A,-,09,21802,A,N,F,A,A,A,H,-,A,D,0,,,Y,,Y,,A,08,1,0,0,0,0,0,0,0,1,"- ","- ",36.861080169677734,-121.5406494140625,"SAN BENITO",UNINCORPORATED,-121.54051208496094,36.861160278320312
90745599,2018,2018-06-11,9725,2018-05-20,1643,022112,,7,2,9,3500,0,1,3,,1,057,SR-129,"CHITTENDEN PASS",350.00,E,N,B,-,Y,,,129,,,,,,,Y,2,0,7,3,A,-,01,23152,A,N,B,C,A,A,H,-,A,D,0,,,,,Y,Y,A,01,2,4,1,0,0,0,0,0,0,"- ","- ",36.899978637695312,-121.59506225585938,"SAN BENITO",UNINCORPORATED,-121.59504699707031,36.899765014648438
90757093,2018,2018-06-27,9725,2018-02-25,1700,021811,,7,2,9,3500,0,3,5,,2,005,"MCCLOSKEY RD","SAN FELIPE RD",2904.00,E,N,A,-,N,,,,,,,,,,Y,1,1,2,1,A,-,01,23152,A,N,E,I,A,A,H,-,A,D,0,,,,,Y,Y,D,22,1,1,0,0,0,0,0,0,0,"- ","- ",36.868900299072266,-121.39112854003906,"SAN BENITO",UNINCORPORATED,-121.39117431640625,36.868972778320312
90773228,2018,2018-07-20,9725,2018-07-11,2110,021612,,3,2,9,3500,0,1,3,,2,053,SR-156,"BUENA VISTA RD",2112.00,W,N,A,-,Y,,,156,,,,,,,Y,2,0,1,1,A,-,08,22107,,N,F,A,A,A,H,-,D,D,0,,,Y,,Y,,C,02,1,0,0,0,0,0,0,0,1,"- ","- ",36.858100891113281,-121.44757080078125,"SAN BENITO",UNINCORPORATED,-121.44756317138672,36.85809326171875
90783116,2018,2018-08-02,9725,2018-06-11,1730,021781,,1,2,9,3500,0,3,5,,2,007,"CIENEGA ROAD","HIDDEN VALLEY ROAD",15312.00,S,N,A,-,N,,,,,,,,,,Y,1,1,0,1,A,-,08,22107,,N,E,I,A,A,H,-,A,D,0,,,,,Y,,D,22,0,0,0,0,0,0,0,0,0,"- ","- ",36.770370483398438,-121.4119873046875,"SAN BENITO",UNINCORPORATED,-121.41227722167969,36.769638061523438
90787059,2018,2018-08-08,9725,2018-07-31,1228,018473,,2,1,9,3500,0,1,3,,1,051,"SR-25 N/B","BOLADO RD.",0.00,,N,A,-,Y,,,25,,,,,,N,Y,2,0,1,1,A,-,08,22107,,N,E,I,A,A,H,-,A,D,0,,,,,Y,,D,22,1,0,0,0,0,0,0,0,0,"- ","- ",36.759799957275391,-121.29548645019531,"SAN BENITO",UNINCORPORATED,-121.29558563232422,36.759769439697266
90798575,2018,2018-08-27,9725,2018-08-17,0655,018473,,5,1,9,3500,0,1,3,,2,053,"SR-156 E/B","LUCY BROWN RD",1200.00,E,N,A,-,N,,,156,,,,,,E,Y,2,0,2,2,A,-,05,21460,A,N,A,C,A,A,H,-,B,D,0,,,,Y,Y,,A,01,1,1,0,0,0,0,0,0,0,"- ","- ",36.841339111328125,-121.49978637695312,"SAN BENITO",UNINCORPORATED,-121.49978637695312,36.841300964355469
90807503,2018,2018-09-06,9725,2018-08-30,1205,019331,,4,1,9,3500,0,1,2,,1,056,"US-101 S/B TO SAN JUAN RD","SAN JUAN RD",500.00,N,N,A,-,Y,,,101,,,,R,,S,N,2,0,1,2,A,-,17,23114,A,N,G,B,E,A,H,-,A,D,0,Y,,,,Y,,D,22,1,0,0,0,1,0,0,0,0,"- ","- ",36.858959197998047,-121.62641906738281,"SAN BENITO",UNINCORPORATED,-121.62641906738281,36.858959197998047
90815513,2018,2018-09-18,9725,2018-09-16,1940,021618,,7,2,9,3500,0,3,5,,2,007,"SAN JUAN HWY","PRESCOTT RD",3379.00,N,N,A,-,N,,,,,,,,,,Y,2,0,1,1,A,-,01,23152,A,N,E,I,A,A,H,-,D,D,0,,,Y,,Y,Y,C,02,1,0,0,0,0,0,0,0,1,"- ","- ",36.864578247070312,-121.55438995361328,"SAN BENITO",UNINCORPORATED,-121.55429840087891,36.864372253417969
90817102,2018,2018-09-19,9725,2018-09-08,2000,022111,,6,2,9,3500,0,1,3,,1,054,SR-25,"SR-156 W/B",1235.00,N,N,A,-,Y,,,,,,,,,,Y,2,0,4,3,A,-,08,22107,,N,B,C,A,A,H,-,D,D,0,,,,,Y,,A,01,1,1,2,0,0,0,0,0,0,"- ","- ",36.540298461914062,-121.25569915771484,"SAN BENITO",UNINCORPORATED,,
90826176,2018,2018-10-15,9725,2018-09-30,2300,021811,,7,3,9,3500,0,3,5,,2,005,"QUIEN SABE RD","SANTA ANITA RD",1320.00,N,N,A,-,N,,,,,,,,,,Y,1,1,1,1,A,-,01,23152,A,N,E,I,A,A,A,-,D,D,0,,,,,Y,Y,A,07,0,0,1,0,0,0,0,0,0,"- ","- ",36.799369812011719,-121.26116180419922,"SAN BENITO",UNINCORPORATED,-121.26784515380859,36.798347473144531
90829687,2018,2018-10-05,9725,2018-08-19,0115,021602,,7,3,9,3500,0,1,2,,1,056,"US-101 S/B",SR-156,1584.00,S,N,A,-,Y,,,,,,,,,,Y,1,1,3,4,A,-,05,21651,B,N,A,C,A,A,H,-,D,D,0,,,,,Y,,A,01,1,2,0,0,0,0,0,0,0,"- ","- ",36.862739562988281,-121.65505981445312,"SAN BENITO",UNINCORPORATED,-121.58517456054688,36.86151123046875
90831559,2018,2018-10-09,9725,2018-09-29,2130,019305,,6,2,9,3500,0,1,2,,1,056,"US-101 N/B  TO SR-156",SR-156,0.00,,Y,A,-,Y,,,101,,,,R,,N,Y,2,0,2,2,A,-,01,23152,A,N,D,C,A,A,H,-,D,A,0,,,,,Y,Y,A,01,2,0,0,0,0,0,0,0,0,"- ","- ",36.861309051513672,-121.57834625244141,"SAN BENITO",UNINCORPORATED,-121.57834625244141,36.861309051513672
90841382,2018,2018-10-22,9725,2018-10-12,2155,021811,,5,2,9,3500,0,3,5,,2,007,"SAN JUAN RD","SAN JUAN HOLISTER RD",870.00,E,N,A,-,Y,,,,,,,,,,Y,2,0,1,1,A,-,01,23152,A,N,F,A,A,A,H,-,D,D,0,,,,,Y,Y,A,01,1,0,0,0,0,0,0,0,0,"- ","- ",36.851840972900391,-121.442138671875,"SAN BENITO",UNINCORPORATED,-121.44205474853516,36.851634979248047
90847254,2018,2018-11-07,9725,2018-10-20,2330,021660,,6,3,1,3502,0,3,5,,2,005,"AQUISTAPACE RD","FAIRVIEW RD",2640.00,W,N,A,-,N,,,,,,,,,,N,2,0,1,1,A,-,01,23152,A,N,F,A,A,A,H,-,D,D,0,,,Y,,Y,Y,C,06,1,0,0,0,0,0,0,0,1,"- ","- ",36.917598724365234,-121.38040161132812,"SAN BENITO","SAN JUAN BAUTISTA",-121.38018798828125,36.917621612548828
90849001,2018,2019-10-07,9725,2018-09-23,2010,021618,,7,2,9,3500,0,1,3,,2,053,SR-156,"UNION ROAD",1056.00,E,N,A,-,Y,,,156,,,,,,,Y,1,1,0,2,A,-,08,22107,,F,F,A,A,A,H,-,D,D,0,,,Y,,Y,,C,02,0,0,0,0,0,0,0,1,0,"- ","- ",36.844879150390625,-121.45513916015625,"SAN BENITO",UNINCORPORATED,-121.45517730712891,36.844902038574219
90863631,2018,2018-11-20,9725,2018-11-16,1540,021612,,5,2,9,3500,0,1,3,,2,053,SR-156,"BUENA VISTA AVE",0.00,,Y,A,-,Y,,,156,,,,,,,Y,2,0,2,2,A,-,09,21801,A,N,D,C,A,A,H,-,A,D,0,,,,,Y,,A,07,1,0,1,0,0,0,0,0,0,"- ","- ",36.863620758056641,-121.44418334960938,"SAN BENITO",UNINCORPORATED,-121.44413757324219,36.863597869873047
90922935,2019,2019-02-11,9725,2019-02-01,2220,021811,,5,3,9,3500,0,1,2,,1,056,"US-101 S/B",SR-129,3062.00,N,N,C,G,Y,,,101,,,,,,S,Y,2,0,1,2,A,-,01,23152,A,N,D,C,A,B,H,-,D,D,0,,,,,Y,Y,A,01,1,0,0,0,0,0,0,0,0,"- ","- ",36.890220642089844,-121.55725860595703,"SAN BENITO",UNINCORPORATED,-121.55731201171875,36.890251159667969
90934848,2019,2019-02-27,9725,2019-01-01,1150,019217,,2,1,9,3500,0,3,5,,2,009,"ANZAR RD","SCHOOL RD",1056.00,W,N,A,-,N,,,,,,,,,,N,1,1,0,1,A,-,03,22350,,N,F,A,A,A,G,-,A,D,0,,Y,,,Y,,L,04,0,0,0,0,0,1,0,0,0,"- ","- ",36.877521514892578,-121.57589721679688,"SAN BENITO",UNINCORPORATED,-121.57569885253906,36.877445220947266