CASE_ID,ACCIDENT_YEAR,PROC_DATE,JURIS,COLLISION_DATE,COLLISION_TIME,OFFICER_ID,REPORTING_DISTRICT,DAY_OF_WEEK,CHP_SHIFT,POPULATION,CNTY_CITY_LOC,SPECIAL_COND,BEAT_TYPE,CHP_BEAT_TYPE,CITY_DIVISION_LAPD,CHP_BEAT_CLASS,BEAT_NUMBER,PRIMARY_RD,SECONDARY_RD,DISTANCE,DIRECTION,INTERSECTION,WEATHER_1,WEATHER_2,STATE_HWY_IND,CALTRANS_COUNTY,CALTRANS_DISTRICT,STATE_ROUTE,ROUTE_SUFFIX,POSTMILE_PREFIX,POSTMILE,LOCATION_TYPE,RAMP_INTERSECTION,SIDE_OF_HWY,TOW_AWAY,COLLISION_SEVERITY,NUMBER_KILLED,NUMBER_INJURED,PARTY_COUNT,PRIMARY_COLL_FACTOR,PCF_CODE_OF_VIOL,PCF_VIOL_CATEGORY,PCF_VIOLATION,PCF_VIOL_SUBSECTION,HIT_AND_RUN,TYPE_OF_COLLISION,MVIW,PED_ACTION,ROAD_SURFACE,ROAD_COND_1,ROAD_COND_2,LIGHTING,CONTROL_DEVICE,CHP_ROAD_TYPE,PEDESTRIAN_ACCIDENT,BICYCLE_ACCIDENT,MOTORCYCLE_ACCIDENT,TRUCK_ACCIDENT,NOT_PRIVATE_PROPERTY,ALCOHOL_INVOLVED,STWD_VEHTYPE_AT_FAULT,CHP_VEHTYPE_AT_FAULT,COUNT_SEVERE_INJ,COUNT_VISIBLE_INJ,COUNT_COMPLAINT_PAIN,COUNT_PED_KILLED,COUNT_PED_INJURED,COUNT_BICYCLIST_KILLED,COUNT_BICYCLIST_INJURED,COUNT_MC_KILLED,COUNT_MC_INJURED,PRIMARY_RAMP,SECONDARY_RAMP,LATITUDE,LONGITUDE,COUNTY,CITY,POINT_X,POINT_Y
90973270,2019,2019-04-23,9725,2019-04-08,1350,021811,,1,1,9,3500,0,1,3,,2,053,SR-156,"BUENA VISTA RD",5280.00,E,N,A,G,Y,,,156,,,,,,,Y,2,0,3,2,A,-,08,22107,,N,D,C,A,A,H,-,A,D,0,,,,Y,Y,,A,01,1,0,2,0,0,0,0,0,0,"- ","- ",36.875251770019531,-121.43898010253906,"SAN BENITO",UNINCORPORATED,-121.43892669677734,36.875175476074219
90984092,2019,2019-05-08,9725,2019-05-03,1500,022111,,5,2,9,3500,0,1,3,,2,053,"SR-156 W/B","US-101 N/B",1520.00,E,N,A,-,Y,,,156,,,,,,W,Y,2,0,4,2,A,-,03,22350,,N,C,C,A,A,H,-,A,D,0,,,,Y,Y,,D,22,1,0,3,0,0,0,0,0,0,"- ","- ",36.859218597412109,-121.57543182373047,"SAN BENITO",UNINCORPORATED,-121.57539367675781,36.859260559082031
90997857,2019,2019-05-29,9725,2019-05-27,0125,022137,,1,3,9,3500,0,1,3,,2,053,"SR-156 E/B","MONTEREY ST",5808.00,W,N,A,-,Y,,,156,,,,,,E,Y,2,0,1,1,A,-,08,22107,,N,F,A,A,A,H,-,D,D,0,,,,,Y,Y,A,01,1,0,0,0,0,0,0,0,0,"- ","- ",36.851600646972656,-121.56529998779297,"SAN BENITO",UNINCORPORATED,-121.56524658203125,36.851734161376953
91031085,2019,2019-07-15,9735,2019-07-06,1025,021431,,6,1,9,3500,0,3,5,,2,003,SR-25,"TOPO VALLEY RD",500.00,S,N,A,-,Y,,,25,,,,,,,Y,2,0,1,1,A,-,08,22107,,N,F,I,A,A,H,-,A,D,0,,,Y,,Y,,C,02,1,0,0,0,0,0,0,0,1,"- ","- ",36.446640014648438,-121.04635620117188,"SAN BENITO",UNINCORPORATED,-121.04635620117188,36.446613311767578
91049773,2019,2019-08-12,9725,2019-08-04,1430,021734,,7,2,9,3500,0,3,5,,2,007,"CIENEGA RD","OLD AIRPORT ROAD",528.00,W,N,A,-,N,,,,,,,,,,N,2,0,1,1,A,-,03,22350,,N,F,A,A,A,H,-,A,D,0,,,Y,,Y,,C,02,1,0,0,0,0,0,0,0,1,"- ","- ",36.689498901367188,-121.27478790283203,"SAN BENITO",UNINCORPORATED,-121.27469635009766,36.689476013183594
91059254,2019,2020-05-06,9725,2019-05-12,1515,021781,,7,2,9,3500,0,2,4,,1,052,"FAIRVIEW ROAD","ROSA MORADA ROAD",650.00,N,N,A,-,N,,,,,,,,,,Y,1,1,2,2,A,-,01,23152,A,N,A,C,A,A,H,-,A,D,0,,,,,Y,Y,A,01,0,2,0,0,0,0,0,0,0,"- ","- ",36.894840240478516,-121.36367797851562,"SAN BENITO",UNINCORPORATED,-121.36366271972656,36.895584106445312
91060009,2019,2019-08-27,9725,2019-08-20,0043,021811,,2,3,9,3500,0,1,2,,1,056,"US-101 S/B","CANNON RD",1584.00,S,N,A,-,Y,,,101,,,,,,S,Y,2,0,1,1,A,-,01,23152,G,N,E,I,A,A,H,-,D,D,0,,,,,Y,Y,A,01,1,0,0,0,0,0,0,0,0,"- ","- ",36.860820770263672,-121.61000061035156,"SAN BENITO",UNINCORPORATED,-121.6099853515625,36.86083984375
91061651,2019,2020-05-06,9725,2019-07-12,1904,021781,,5,2,9,3500,0,2,4,,1,052,"SHORE ROAD","LAKE ROAD",1584.00,E,N,A,-,N,,,,,,,,,,Y,1,1,0,2,A,-,01,23152,A,N,B,C,A,A,H,-,A,D,0,,,,,Y,Y,A,01,0,0,0,0,0,0,0,0,0,"- ","- ",36.942340850830078,-121.44135284423828,"SAN BENITO",UNINCORPORATED,-121.44120788574219,36.942356109619141
91061764,2019,2019-09-06,9725,2019-06-26,0535,021660,,3,3,9,3500,0,1,3,,1,054,SR-25,"SHORE ROAD",0.00,,Y,A,-,Y,,,25,,,,,,,Y,1,1,0,2,A,-,08,22101,D,N,D,C,A,A,H,-,B,D,0,,,Y,,Y,,C,02,0,0,0,0,0,0,0,1,0,"- ","- ",36.931541442871094,-121.47638702392578,"SAN BENITO",UNINCORPORATED,-121.47646331787109,36.931392669677734
91072415,2019,2019-09-11,9725,2019-09-02,1110,019217,,1,1,9,3500,0,1,2,,1,056,"US-101 SB",SR-156,4224.00,S,N,A,-,Y,,,101,,,,,,S,Y,2,0,1,2,A,-,03,22350,,N,C,C,A,A,H,-,A,D,0,,,Y,,Y,,C,02,1,0,0,0,0,0,0,0,1,"- ","- ",36.859519958496094,-121.59481048583984,"SAN BENITO",UNINCORPORATED,-121.59481048583984,36.859512329101562
91072989,2019,2019-09-12,9725,2019-09-04,1415,021304,,3,2,9,3500,0,2,4,,1,052,"FAIRVIEW RD","SAN FELIPE RD",1584.00,S,N,A,-,N,,,,,,,,,,Y,2,0,1,1,A,-,08,22107,,N,E,I,A,A,H,-,A,D,0,,,Y,,Y,,C,02,1,0,0,0,0,0,0,0,1,"- ","- ",36.938770294189453,-121.40489959716797,"SAN BENITO",UNINCORPORATED,-121.40594482421875,36.939102172851562
91073302,2019,2019-09-12,9725,2019-07-20,0215,021602,,6,3,9,3500,0,1,3,,1,054,SR-156,SR-25,0.00,,Y,B,-,Y,,,156,,,,,,,Y,1,1,5,2,A,-,12,21453,A,N,D,C,A,A,H,-,C,A,0,,,,Y,Y,,G,26,4,0,1,0,0,0,0,0,0,"- ","- ",36.895641326904297,-121.42726898193359,"SAN BENITO",UNINCORPORATED,-121.42739868164062,36.895671844482422
91080604,2019,2019-09-23,9725,2019-09-11,2240,021660,,3,3,9,3500,0,1,2,,1,056,"US-101 S/B",SR-129,3168.00,S,N,A,-,Y,,,101,,,,,,S,Y,2,0,1,2,A,-,01,23152,A,N,C,C,A,A,H,-,D,D,0,,,,Y,Y,Y,A,01,1,0,0,0,0,0,0,0,0,"- ","- ",36.875091552734375,-121.57029724121094,"SAN BENITO",UNINCORPORATED,-121.57030487060547,36.875099182128906
91103783,2019,2019-10-23,9725,2019-10-17,1820,022137,,4,2,9,3500,0,3,5,,2,007,"SAN JUSTO RD","LUCY BROWN LN",4752.00,W,N,A,-,N,,,,,,,,,,Y,2,0,1,1,A,-,08,22107,,N,E,I,A,A,H,-,A,D,0,,,,,Y,,D,22,1,0,0,0,0,0,0,0,0,"- ","- ",36.864459991455078,-121.54434967041016,"SAN BENITO",UNINCORPORATED,-121.52507781982422,36.857059478759766
91125991,2019,2020-06-30,9725,2019-10-04,0844,018473,,5,1,9,3500,0,3,5,,2,005,"FRAZER LAKE RD.","BLOOMFIELD AVE.",7392.00,S,N,A,-,N,,,,,,,,,,Y,1,1,2,3,A,-,01,23152,F,N,A,C,A,A,H,-,A,D,0,,,,,Y,,A,01,0,2,0,0,0,0,0,0,0,"- ","- ",36.963481903076172,-121.49198150634766,"SAN BENITO",UNINCORPORATED,-121.49199676513672,36.963459014892578
91151918,2019,2019-12-24,9725,2019-12-16,0725,014585,,1,1,9,3500,0,1,3,,1,051,"SR-25 N/B","BOLADO RD",5280.00,S,N,B,-,Y,,,25,,,,,,N,Y,2,0,1,1,A,-,08,22107,,N,E,I,A,A,H,-,A,D,0,,,,,Y,,D,22,1,0,0,0,0,0,0,0,0,"- ","- ",36.768348693847656,-121.30239868164062,"SAN BENITO",UNINCORPORATED,-121.30238342285156,36.76837158203125
91191971,2020,2020-02-24,9725,2020-02-15,1315,021665,,6,1,9,3500,0,3,5,,2,007,"CIENEGA RD","GRASS VALLEY RD",3696.00,W,N,A,-,N,,,,,,,,,,Y,2,0,1,1,A,-,08,22107,,N,F,A,A,A,H,-,A,D,0,,,,,Y,,A,01,1,0,0,0,0,0,0,0,0,"- ","- ",36.733379364013672,-121.36522674560547,"SAN BENITO",UNINCORPORATED,-121.36580657958984,36.733909606933594
91203490,2020,2020-03-06,9735,2020-03-01,0930,017681,,7,1,9,3500,0,3,5,,2,005,"NEW IDRIA RD","PANOCHE ROAD",58080.00,S,N,B,-,N,,,,,,,,,,Y,2,0,3,1,A,-,08,22107,,N,F,A,A,A,A,H,A,D,0,,,,,Y,,A,07,3,0,0,0,0,0,0,0,0,"- ","- ",36.479530334472656,-120.78311920166016,"SAN BENITO",UNINCORPORATED,-120.78189849853516,36.479274749755859
91214685,2020,2020-12-17,9725,2020-03-06,0651,018473,,5,1,9,3500,0,1,3,,1,054,"FAIRVIEW RD.","HILLCREST RD.",346.00,N,N,B,-,N,,,,,,,,,,Y,1,1,0,1,A,-,08,22107,,N,E,I,A,A,H,-,B,D,0,,,,,Y,,D,22,0,0,0,0,0,0,0,0,0,"- ","- ",36.847930908203125,-121.36370086669922,"SAN BENITO",UNINCORPORATED,-121.36363983154297,36.847461700439453
91219412,2020,2020-04-01,9725,2020-03-27,1120,018473,,5,1,9,3500,0,3,5,,2,007,"SALINAS RD.","RENTON CIR.",0.00,,N,B,-,N,,,,,,,,,,Y,2,0,1,1,A,-,03,22350,,N,F,A,A,A,H,-,A,D,0,,,Y,,Y,,C,02,1,0,0,0,0,0,0,0,1,"- ","- ",36.834869384765625,-121.555908203125,"SAN BENITO",UNINCORPORATED,-121.54611206054688,36.831958770751953
91223476,2020,2020-04-30,9735,2020-04-01,1150,016696,,3,1,9,3500,0,3,5,,2,003,"SR 25 SB","MPM 5.00",225.00,S,N,A,-,Y,,,25,,,,,,S,Y,2,0,1,1,C,-,18,,,N,D,H,A,A,H,-,A,D,0,,,Y,,Y,,-,"- ",1,0,0,0,0,0,0,0,1,"- ","- ",36.358318328857422,-120.97235870361328,"SAN BENITO",UNINCORPORATED,-120.97228240966797,36.358409881591797
91226120,2020,2020-04-15,9725,2020-04-04,1300,020906,,6,1,9,3500,0,1,2,,1,056,"US-101 S/B","CANNON RD",2640.00,S,N,A,-,Y,,,101,,,,,,S,Y,2,0,1,1,A,-,01,23152,A,N,E,I,A,A,H,-,A,D,0,,,,,Y,Y,A,01,1,0,0,0,0,0,0,0,0,"- ","- ",36.863090515136719,-121.61415863037109,"SAN BENITO",UNINCORPORATED,-121.61418151855469,36.863044738769531
91231477,2020,2020-04-30,9725,2020-04-26,1900,021159,,7,2,9,3500,0,3,5,,2,005,"LITTLE PANOCHE RD","PANOCHE RD",20064.00,E,N,A,-,N,,,,,,,,,,N,2,0,1,1,A,-,01,23152,A,N,E,I,A,A,H,-,A,D,0,,,Y,,Y,Y,C,02,1,0,0,0,0,0,0,0,1,"- ","- ",36.759738922119141,-120.84934234619141,"SAN BENITO",UNINCORPORATED,-120.81529998779297,36.595176696777344
91233539,2020,2020-05-04,9725,2020-04-23,1045,019215,,4,1,9,3500,0,1,2,,1,056,"US-101 S/B",SR-129,15.00,N,N,A,-,Y,,,101,,,,,,S,Y,2,0,2,2,A,-,03,22350,,N,C,C,A,A,H,-,A,D,0,,,,,Y,,A,07,1,0,1,0,0,0,0,0,0,"- ","- ",36.882308959960938,-121.56170654296875,"SAN BENITO",UNINCORPORATED,-121.56179809570312,36.882362365722656
91240430,2020,2020-05-20,9725,2020-04-15,1018,018473,,3,1,9,3500,0,1,3,,2,055,"SR-156 W/B",SR-25,0.00,,Y,A,-,Y,,,156,,,,,,W,Y,1,1,0,3,A,-,12,21453,A,N,D,C,A,A,H,-,A,A,0,,,Y,Y,Y,,G,25,0,0,0,0,0,0,0,1,0,"- ","- ",36.895519256591797,-121.42730712890625,"SAN BENITO",UNINCORPORATED,-121.42742919921875,36.895549774169922
91272243,2020,2020-12-17,9725,2020-06-22,1015,020906,,1,1,9,3500,0,1,3,,1,057,SR-129,US-101,6336.00,W,N,A,-,Y,,,129,,,,,,,Y,1,1,0,2,A,-,05,21460,A,N,A,C,A,A,H,-,A,D,0,,,,Y,Y,,A,01,0,0,0,0,0,0,0,0,0,"- ","- ",36.892120361328125,-121.57528686523438,"SAN BENITO",UNINCORPORATED,-121.57528686523438,36.892131805419922
91306342,2020,2020-09-17,9725,2020-06-25,0505,021774,,4,3,9,3500,0,2,4,,1,052,"FAIRVIEW RD","FALLON RD",512.00,N,N,A,-,N,,,,,,,,,,Y,1,1,2,1,A,-,08,22107,,N,E,I,A,A,H,-,B,D,0,,,,,Y,,A,08,0,1,1,0,0,0,0,0,0,"- ","- ",36.903610229492188,-121.36372375488281,"SAN BENITO",UNINCORPORATED,-121.36367797851562,36.903663635253906
91306964,2020,2020-09-18,9725,2020-06-27,2023,021612,,6,2,9,3500,0,1,2,,1,056,"US-101 NB",SR-156,528.00,N,N,A,-,Y,,,101,,,,,,N,Y,1,1,0,1,A,-,01,23152,A,N,F,A,A,A,H,-,B,D,0,,,Y,,Y,Y,C,02,0,0,0,0,0,0,0,1,0,"- ","- ",36.863700866699219,-121.57660675048828,"SAN BENITO",UNINCORPORATED,-121.57672882080078,36.863792419433594
91331984,2020,2020-10-27,9725,2020-10-17,0320,022112,,6,3,9,3500,0,3,5,,2,005,"SAN JUAN HIGHWAY","ANZAR RD",1056.00,E,N,A,-,N,,,,,,,,,,Y,2,0,1,1,A,-,08,22107,,N,E,I,A,A,H,-,D,D,0,,,,,Y,,A,01,1,0,0,0,0,0,0,0,0,"- ","- ",36.883029937744141,-121.55461120605469,"SAN BENITO",UNINCORPORATED,-121.55433654785156,36.875461578369141
9134472,2020,2020-08-27,3501,2020-06-11,1846,11105,3501,4,5,4,3501,0,0,0,,0,GRA,"4TH ST","WEST ST",125.00,E,N,A,-,N,,,,,,,,,,N,2,0,1,2,A,-,11,21954,A,N,G,B,E,A,H,-,C,D,0,Y,,,,Y,Y,N,60,1,0,0,0,1,0,0,0,0,"- ","- ",,,"SAN BENITO",HOLLISTER,-121.40517425537109,36.852581024169922
91353068,2020,2020-11-24,9725,2020-11-12,1450,021700,,4,2,9,3500,0,1,3,,1,054,"SR-25 S/B","HUDNER LN",2218.00,S,N,A,-,N,,,25,,,,,,S,Y,2,0,2,3,A,-,03,22350,,N,C,C,A,A,H,-,A,D,0,,,,,Y,,A,07,1,0,1,0,0,0,0,0,0,"- ","- ",36.902988433837891,-121.43456268310547,"SAN BENITO",UNINCORPORATED,-121.43457794189453,36.902973175048828
91359989,2020,2020-12-07,9725,2020-11-28,1700,021618,,6,2,9,3500,0,3,5,,2,007,"UNION ROAD","UNION HEIGHTS",356.00,E,N,A,-,N,,,,,,,,,,Y,2,0,3,3,A,-,01,23152,A,N,A,C,A,A,H,-,D,D,0,,,,,Y,Y,D,22,2,1,0,0,0,0,0,0,0,"- ","- ",36.827079772949219,-121.42960357666016,"SAN BENITO",UNINCORPORATED,-121.45719909667969,36.841526031494141
91363761,2020,2020-12-10,9725,2020-06-14,2227,021837,,7,3,9,3500,0,1,3,,1,051,"SR-25 S/B","PORTUGESE WAY",20.00,S,N,A,-,Y,,,25,,,,,,S,Y,1,1,1,1,A,-,01,23152,A,N,E,I,A,A,H,-,D,D,0,,,,,Y,Y,A,01,1,0,0,0,0,0,0,0,0,"- ","- ",36.799930572509766,-121.33611297607422,"SAN BENITO",UNINCORPORATED,-121.33602905273438,36.800033569335938
91376239,2020,2020-12-28,9725,2020-12-19,1900,021665,,6,2,9,3500,0,3,5,,2,007,"UNION RD","UNION HEIGHTS DR",1056.00,W,N,A,-,N,,,,,,,,,,Y,2,0,1,1,A,-,08,22107,,N,F,A,A,A,H,-,D,D,0,,,,,Y,,A,07,1,0,0,0,0,0,0,0,0,"- ","- ",36.83135986328125,-121.43514251708984,"SAN BENITO",UNINCORPORATED,-121.43288421630859,36.829830169677734
91390135,2020,2021-01-22,9725,2020-08-08,0930,019217,,6,1,9,3500,0,1,3,,1,051,SR-25,"BOLADO ROAD",5280.00,S,N,A,-,Y,,,25,,,,,,,Y,1,1,1,1,A,-,08,22107,,N,E,I,A,A,H,-,A,D,0,,,,,Y,,D,22,1,0,0,0,0,0,0,0,0,"- ","- ",36.769168853759766,-121.30332946777344,"SAN BENITO",UNINCORPORATED,-121.3033447265625,36.769145965576172
91393292,2021,2021-01-25,9725,2021-01-16,1805,021837,,6,2,9,3500,0,1,3,,1,051,SR-25,"BOLADO RD",10560.00,S,N,A,-,Y,,,25,,,,,,,Y,2,0,3,1,A,-,01,23152,A,N,E,I,A,A,H,-,D,D,0,,,,,Y,Y,D,22,1,2,0,0,0,0,0,0,0,"- ","- ",36.756610870361328,-121.29534912109375,"SAN BENITO",UNINCORPORATED,-121.29531860351562,36.756629943847656
91437197,2021,2021-03-26,9725,2021-03-13,2025,021665,,6,2,9,3500,0,1,3,,1,054,"SR-25 S/B","FLYNN RD",300.00,N,N,A,-,Y,,,25,,,,,,S,N,2,0,1,2,A,-,11,21954,A,F,G,B,E,A,H,-,D,D,0,Y,,,,Y,,N,60,1,0,0,0,1,0,0,0,0,"- ","- ",36.882839202880859,-121.41616058349609,"SAN BENITO",UNINCORPORATED,-121.41614532470703,36.882854461669922
91448088,2021,2021-05-21,9725,2021-04-01,2030,021700,,4,2,9,3500,0,3,5,,2,005,"SAN FELIPE RD",SR-156,1584.00,N,N,A,-,N,,,,,,,,,,Y,2,0,2,4,A,-,05,21460,A,N,B,C,A,A,H,-,D,D,0,,,,,Y,,A,01,1,0,1,0,0,0,0,0,0,"- ","- ",36.913421630859375,-121.40489196777344,"SAN BENITO",UNINCORPORATED,-121.40462493896484,36.912181854248047
91452986,2021,2021-04-19,9725,2021-04-06,1440,020742,,2,2,9,3500,0,3,5,,2,007,"HOSPITAL RD","CIENEGA ROAD EXT.",0.00,,Y,A,-,N,,,,,,,,,,Y,2,0,1,1,A,-,03,22350,,N,F,A,A,A,H,-,A,D,0,,,,,Y,,A,01,1,0,0,0,0,0,0,0,0,"- ","- ",36.811199188232422,-121.3966064453125,"SAN BENITO",UNINCORPORATED,-121.39691162109375,36.80987548828125
91458738,2021,2021-10-07,9725,2021-01-16,2215,022137,,6,3,9,3500,0,3,5,,2,007,"SAN JUSTO ROAD","LUCY BROWN ROAD",5280.00,W,N,A,-,N,,,,,,,,,,Y,1,1,1,1,A,-,03,22350,,N,E,I,A,A,H,-,D,D,0,,,,,Y,Y,A,01,0,1,0,0,0,0,0,0,0,"- ","- ",36.857231140136719,-121.5277099609375,"SAN BENITO",UNINCORPORATED,-121.52690887451172,36.857089996337891
91466078,2021,2021-05-05,9725,2021-04-12,0826,018473,,1,1,9,3500,0,1,3,,1,051,"SR-25 N/B","MURPHY RD.",5808.00,N,N,B,-,Y,,,25,,,,,,N,Y,2,0,1,1,A,-,01,23152,A,N,E,I,A,A,H,-,A,D,0,,,,,Y,Y,A,01,1,0,0,0,0,0,0,0,0,"- ","- ",36.756801605224609,-121.29534149169922,"SAN BENITO",UNINCORPORATED,-121.29540252685547,36.756778717041016
91472590,2021,2021-05-27,9725,2021-05-07,1725,022112,,5,2,9,3500,0,1,3,,1,057,"SEARLE ROAD",SR-129,10.00,S,N,A,-,N,,,,,,,,,,Y,2,0,1,2,A,-,03,22350,,N,D,C,A,A,H,-,A,D,0,,,Y,,Y,,C,02,1,0,0,0,0,0,0,0,1,"- ","- ",36.883899688720703,-121.56330108642578,"SAN BENITO",UNINCORPORATED,-121.56320953369141,36.883884429931641
91479179,2021,2021-07-16,9725,2021-04-11,0015,022112,,7,3,4,3501,0,1,3,,1,054,SR-25,"SAN FELIPE RD",0.00,,Y,A,-,Y,,,25,,,,,,,Y,2,0,2,2,A,-,01,23152,A,N,D,C,A,A,H,-,C,A,0,,,,,Y,Y,A,01,2,0,0,0,0,0,0,0,0,"- ","- ",36.865238189697266,-121.40146636962891,"SAN BENITO",HOLLISTER,-121.40147399902344,36.865207672119141
9150682,2020,2020-10-22,3501,2020-07-14,1653,11023,3501,2,5,4,3501,0,0,0,,0,DAY,"SUNNYSLOPE RD","CLEARVIEW DR",0.00,,Y,A,-,N,,,,,,,,,,N,2,0,3,4,A,-,10,21950,A,N,D,B,D,A,H,-,A,D,0,Y,,,,Y,,A,01,2,0,1,0,3,0,0,0,0,"- ","- ",,,"SAN BENITO",HOLLISTER,-121.37673950195312,36.838741302490234
91517738,2021,2021-07-12,9725,2021-06-08,1248,019217,,2,1,9,3500,0,2,4,,1,052,"FAIRVIEW ROAD","ROSA MORADA ROAD",221.00,S,N,A,-,N,,,,,,,,,,Y,2,0,2,2,A,-,05,21460,A,N,A,C,A,A,H,-,A,D,0,,,,,Y,,A,01,1,1,0,0,0,0,0,0,0,"- ","- ",36.89324951171875,-121.36363983154297,"SAN BENITO",UNINCORPORATED,-121.36367034912109,36.893192291259766
91547150,2021,2021-08-17,9725,2021-08-06,1907,018966,,5,2,9,3500,0,3,5,,2,005,SR-156,"FAIRVIEW RD",2640.00,E,N,A,-,Y,,,156,,,,,,,Y,2,0,2,1,A,-,08,22107,,N,E,I,A,A,H,-,A,D,0,,,,,Y,,A,01,1,0,1,0,0,0,0,0,0,"- ","- ",36.939540863037109,-121.38646697998047,"SAN BENITO",UNINCORPORATED,-121.38629150390625,36.939487457275391
91602429,2021,2021-10-21,9725,2021-10-04,1425,022608,,1,2,9,3500,0,1,3,,2,053,"SR-156 EASTBOUND",SR-25,0.00,,Y,A,-,Y,,,156,,,,,,E,Y,2,0,3,2,A,-,12,21453,A,N,D,C,A,A,H,-,A,A,0,,,,Y,Y,,G,25,1,0,2,0,0,0,0,0,0,"- ","- ",36.895938873291016,-121.42719268798828,"SAN BENITO",UNINCORPORATED,-121.42731475830078,36.895977020263672
91608682,2021,2021-10-28,9725,2021-08-24,1310,019217,,2,1,9,3500,0,3,5,,2,007,"CIENEGA ROAD","UNION RD",1056.00,S,N,A,-,N,,,,,,,,,,Y,2,0,1,1,A,-,08,22107,,F,F,A,A,A,H,-,A,D,0,,,,,Y,,A,01,1,0,0,0,0,0,0,0,0,"- ","- ",36.823799133300781,-121.40113067626953,"SAN BENITO",UNINCORPORATED,-121.40064239501953,36.823451995849609
91611904,2021,2021-11-01,9725,2021-10-03,1015,019217,,7,1,9,3500,0,1,3,,1,051,SR-25,"CIENEGA ROAD",7392.00,S,N,A,-,Y,,,25,,,,,,,Y,2,0,1,1,A,-,03,22350,,N,F,A,A,D,H,-,E,D,0,,,Y,,Y,,C,02,1,0,0,0,0,0,0,0,1,"- ","- ",36.693458557128906,-121.2686767578125,"SAN BENITO",UNINCORPORATED,-121.26861572265625,36.693511962890625
91634709,2021,2022-07-27,9725,2021-07-24,1316,021159,,6,1,9,3500,0,1,3,,2,055,"SR 156 W/B","PACHECO CREEK DRIVE",1056.00,W,N,A,-,Y,,,156,,,,,,W,Y,1,1,3,3,A,-,03,22350,,N,C,C,A,A,H,-,A,D,0,,,,Y,Y,,G,25,0,2,1,0,0,0,0,0,0,"- ","- ",36.945438385009766,-121.38469696044922,"SAN BENITO",UNINCORPORATED,-121.38478088378906,36.945449829101562
91640155,2021,2021-12-13,9725,2021-11-19,0116,022334,,5,3,9,3500,0,1,3,,2,055,SR-156,"FAIRVIEW RD",2415.00,W,N,A,-,N,,,,,,,,,,Y,2,0,2,3,A,-,03,22350,,N,G,C,E,A,H,-,D,D,0,Y,,,,Y,Y,-,33,1,0,1,0,1,0,0,0,0,"- ","- ",36.926418304443359,-121.39614105224609,"SAN BENITO",UNINCORPORATED,-121.39010620117188,36.926628112792969
91641900,2021,2021-12-03,9725,2021-11-19,0102,022334,,5,3,9,3500,0,1,3,,2,055,"SR-156 E/B","FAIRVIEW RD",2427.00,W,N,A,-,N,,,156,,,,,,E,Y,2,0,1,2,A,-,01,23152,A,N,A,C,A,A,H,-,D,D,0,,,,,Y,Y,D,22,1,0,0,0,0,0,0,0,0,"- ","- ",36.926418304443359,-121.39013671875,"SAN BENITO",UNINCORPORATED,-121.39009857177734,36.926410675048828
91650381,2021,2021-12-13,9725,2021-12-06,0015,021660,,1,3,9,3500,0,1,3,,1,054,SR-25,SR-156,1052.00,N,N,A,-,Y,,,25,,,,,,,Y,2,0,1,2,A,-,05,21651,B,N,A,C,A,A,H,-,D,D,0,,,,Y,Y,,A,01,1,0,0,0,0,0,0,0,0,"- ","- ",36.8980712890625,-121.42958831787109,"SAN BENITO",UNINCORPORATED,-121.4296875,36.897975921630859