CASE_ID,ACCIDENT_YEAR,PROC_DATE,JURIS,COLLISION_DATE,COLLISION_TIME,OFFICER_ID,REPORTING_DISTRICT,DAY_OF_WEEK,CHP_SHIFT,POPULATION,CNTY_CITY_LOC,SPECIAL_COND,BEAT_TYPE,CHP_BEAT_TYPE,CITY_DIVISION_LAPD,CHP_BEAT_CLASS,BEAT_NUMBER,PRIMARY_RD,SECONDARY_RD,DISTANCE,DIRECTION,INTERSECTION,WEATHER_1,WEATHER_2,STATE_HWY_IND,CALTRANS_COUNTY,CALTRANS_DISTRICT,STATE_ROUTE,ROUTE_SUFFIX,POSTMILE_PREFIX,POSTMILE,LOCATION_TYPE,RAMP_INTERSECTION,SIDE_OF_HWY,TOW_AWAY,COLLISION_SEVERITY,NUMBER_KILLED,NUMBER_INJURED,PARTY_COUNT,PRIMARY_COLL_FACTOR,PCF_CODE_OF_VIOL,PCF_VIOL_CATEGORY,PCF_VIOLATION,PCF_VIOL_SUBSECTION,HIT_AND_RUN,TYPE_OF_COLLISION,MVIW,PED_ACTION,ROAD_SURFACE,ROAD_COND_1,ROAD_COND_2,LIGHTING,CONTROL_DEVICE,CHP_ROAD_TYPE,PEDESTRIAN_ACCIDENT,BICYCLE_ACCIDENT,MOTORCYCLE_ACCIDENT,TRUCK_ACCIDENT,NOT_PRIVATE_PROPERTY,ALCOHOL_INVOLVED,STWD_VEHTYPE_AT_FAULT,CHP_VEHTYPE_AT_FAULT,COUNT_SEVERE_INJ,COUNT_VISIBLE_INJ,COUNT_COMPLAINT_PAIN,COUNT_PED_KILLED,COUNT_PED_INJURED,COUNT_BICYCLIST_KILLED,COUNT_BICYCLIST_INJURED,COUNT_MC_KILLED,COUNT_MC_INJURED,PRIMARY_RAMP,SECONDARY_RAMP,LATITUDE,LONGITUDE,COUNTY,CITY,POINT_X,POINT_Y
91661132,2021,2021-12-24,9725,2021-12-15,0430,021660,,3,3,9,3500,0,1,2,,1,056,"US-101 N/B",SR-156,528.00,N,N,A,-,Y,,,101,,,,,,N,Y,2,0,1,2,D,-,00,,,N,B,2,A,A,H,-,D,D,0,,,,,Y,,-,"- ",1,0,0,0,0,0,0,0,0,"- ","- ",36.862789154052734,-121.57774353027344,"SAN BENITO",UNINCORPORATED,-121.57771301269531,36.862758636474609
9166316,2020,2020-10-22,3501,2020-08-05,1430,10704,3501,3,5,4,3501,0,0,0,,0,DAY,"EAST ST","4TH ST",6.00,S,N,A,-,N,,,,,,,,,,Y,2,0,1,2,A,-,10,21950,A,N,A,B,B,A,H,-,A,A,0,Y,,,,Y,,A,01,1,0,0,0,1,0,0,0,0,"- ","- ",,,"SAN BENITO",HOLLISTER,-121.40100860595703,36.852462768554688
91681163,2022,2022-01-19,9725,2022-01-09,1400,022608,,7,2,9,3500,0,3,5,,2,007,"HOSPITAL ROAD","CIENEGA ROAD",100.00,N,N,A,-,N,,,,,,,,,,Y,2,0,2,2,A,-,09,21801,A,N,A,C,A,A,H,-,A,D,0,,,Y,,Y,,A,01,1,0,1,0,0,0,0,0,1,"- ","- ",36.810138702392578,-121.39665985107422,"SAN BENITO",UNINCORPORATED,-121.39672088623047,36.810100555419922
91702186,2022,2022-02-16,9725,2022-02-11,2145,020742,,5,2,9,3500,0,3,5,,2,005,"SAN FELIPE RD","AIRPORT DR",1584.00,N,N,A,-,N,,,,,,,,,,N,2,0,2,2,A,-,05,21651,B,N,A,C,A,A,H,-,D,D,0,,,,,Y,,A,07,1,1,0,0,0,0,0,0,0,"- ","- ",36.894161224365234,-121.40132141113281,"SAN BENITO",UNINCORPORATED,-121.40142059326172,36.893524169921875
91713378,2022,2022-03-02,9735,2022-02-24,2500,022724,,4,4,9,3500,0,3,5,,2,003,"COALINGA RD","RT 25",55123.00,E,N,A,-,N,,,,,,,,,,Y,2,0,1,1,A,-,08,22107,,N,E,I,A,A,H,-,D,D,0,,,,,Y,,A,01,1,0,0,0,0,0,0,0,0,"- ","- ",36.36669921875,-120.83284759521484,"SAN BENITO",UNINCORPORATED,-120.86118316650391,36.359504699707031
91745326,2022,2022-04-11,9725,2022-04-05,1340,019217,,2,1,9,3500,0,1,3,,1,051,SR-25,"BOLADO ROAD",4752.00,S,N,A,-,Y,SBT,,25,,,42.796,H,,R,N,2,0,1,1,A,-,08,22107,,N,F,A,A,A,H,-,A,D,0,,,Y,,Y,,C,02,1,0,0,0,0,0,0,0,1,"- ","- ",36.769119262695312,-121.30323791503906,"SAN BENITO",UNINCORPORATED,-121.30327606201172,36.769088745117188
91755990,2022,2022-04-25,9725,2022-04-17,1705,021811,,7,2,9,3500,0,3,5,,2,007,"SAN JUAN HWY","CHITTENDEN RD",25.00,N,N,A,-,Y,,,,,,,,,,Y,2,0,1,1,A,-,01,23152,A,N,E,I,A,A,H,-,A,D,0,,,,,Y,Y,A,01,1,0,0,0,0,0,0,0,0,"- ","- ",36.882850646972656,-121.55535888671875,"SAN BENITO",UNINCORPORATED,-121.55973815917969,36.88232421875
91756678,2022,2022-04-26,9725,2022-04-19,0530,018458,,2,3,9,3500,0,1,3,,2,053,SR-156,"BUENA VISTA ROAD",750.00,E,N,B,-,Y,SBT,,156,,R,9.088,H,,R,Y,2,0,1,3,A,-,08,22107,,N,D,C,A,A,H,-,C,D,0,,,Y,,Y,,A,07,1,0,0,0,0,0,0,0,1,"- ","- ",36.866050720214844,-121.44303894042969,"SAN BENITO",UNINCORPORATED,-121.44298553466797,36.866035461425781
91757147,2022,2022-04-26,9725,2022-04-18,1530,021665,,1,2,9,3500,0,1,3,,1,054,"SR-25 S/B","HUDNER LN",2112.00,N,N,A,-,Y,,,,,,,,,,Y,2,0,1,3,A,-,03,22350,,F,C,C,A,A,H,-,A,D,0,,,,,Y,,A,01,1,0,0,0,0,0,0,0,0,"- ","- ",36.9127197265625,-121.44120025634766,"SAN BENITO",UNINCORPORATED,-121.44369506835938,36.912322998046875
91765610,2022,2022-05-05,9725,2022-04-24,2050,021665,,7,2,4,3501,0,1,3,,1,051,"SR-25 N/B","ENTERPRISE RD",528.00,N,N,A,-,Y,SBT,,25,,,48.647,H,,R,Y,2,0,3,2,A,-,03,22350,,N,C,C,A,A,H,-,C,D,0,,,,,Y,,A,01,1,2,0,0,0,0,0,0,0,"- ","- ",36.8236083984375,-121.37798309326172,"SAN BENITO",HOLLISTER,-121.37798309326172,36.8236083984375
91765678,2022,2022-05-12,9725,2022-04-25,1825,020120,,1,2,9,3500,0,1,3,,1,051,SR-25,"BOLADO RD",5280.00,S,N,A,-,Y,SBT,,25,,,42.736,H,,R,Y,2,0,1,1,A,-,01,23152,A,N,E,8,A,A,H,-,A,D,0,,,,,Y,Y,D,22,1,0,0,0,0,0,0,0,0,"- ","- ",36.768440246582031,-121.30255126953125,"SAN BENITO",UNINCORPORATED,-121.30251312255859,36.768470764160156
91780674,2022,2022-05-25,9725,2022-05-13,1145,018458,,5,1,9,3500,0,3,5,,2,007,"CIENEGA ROAD","OLD AIRLINE HWY",50.00,W,N,A,-,N,,,,,,,,,,N,2,0,1,2,A,-,01,23152,A,N,B,G,A,A,H,-,A,D,0,,Y,,,Y,Y,D,22,1,0,0,0,0,0,1,0,0,"- ","- ",36.677669525146484,-121.27670288085938,"SAN BENITO",UNINCORPORATED,-121.27234649658203,36.6895751953125
91794725,2022,2022-06-14,9725,2022-06-02,0810,022836,,4,1,9,3500,0,3,5,,2,007,"CIENEGA ROAD","PRIVATE PRPERTY DRIVEWAY OF 11300 CIENEGA ROAD",250.00,N,N,A,-,N,,,,,,,,,,Y,2,0,1,1,A,-,03,22350,,N,E,H,A,A,H,-,A,D,0,,,Y,,Y,,C,02,1,0,0,0,0,0,0,0,1,"- ","- ",36.737419128417969,-121.36955261230469,"SAN BENITO",UNINCORPORATED,-121.40275573730469,36.82574462890625
91794855,2022,2022-06-14,9725,2022-06-09,0650,018458,,4,1,9,3500,0,3,5,,2,007,"FREITAS ROAD","MITCHELL ROAD",950.00,W,N,A,-,N,,,,,,,,,,Y,2,0,2,2,A,-,16,24002,A,N,A,C,A,A,H,-,A,D,0,,,,,Y,,E,22,1,0,1,0,0,0,0,0,0,"- ","- ",36.849029541015625,-121.45903015136719,"SAN BENITO",UNINCORPORATED,-121.45965576171875,36.84912109375
91795872,2022,2022-08-18,9725,2022-06-05,1305,021529,,7,1,9,3500,0,1,3,,2,053,"US-101 N/B TO SR-156",SR-156,0.00,,Y,A,-,Y,SBT,,156,,,0.071,H,,R,Y,2,0,4,2,A,-,09,21802,A,N,D,C,A,A,H,-,A,A,0,,,,,Y,,A,07,2,2,0,0,0,0,0,0,0,"- ","- ",36.861000061035156,-121.57779693603516,"SAN BENITO",UNINCORPORATED,-121.57777404785156,36.861034393310547
91846921,2022,2022-08-23,9725,2022-08-13,0300,022608,,6,3,9,3500,0,2,4,,1,052,"FAIRVIEW ROAD","COMSTOCK ROAD",138.00,N,N,A,-,N,,,,,,,,,,Y,2,0,1,1,A,-,01,23152,A,N,E,I,A,A,H,-,D,D,0,,,,,Y,Y,A,01,1,0,0,0,0,0,0,0,0,"- ","- ",36.920780181884766,-121.37203216552734,"SAN BENITO",UNINCORPORATED,-121.37215423583984,36.920661926269531
91864139,2022,2022-10-12,9725,2022-09-03,0715,022608,,6,1,9,3500,0,3,5,,2,005,"LONE TREE ROAD","FAIRVIEW ROAD",2112.00,E,N,A,-,N,,,,,,,,,,Y,2,0,2,1,A,-,08,22107,,N,F,A,A,A,H,-,A,D,0,,,,,Y,,D,22,1,1,0,0,0,0,0,0,0,"- ","- ",36.875450134277344,-121.35694122314453,"SAN BENITO",UNINCORPORATED,-121.35646057128906,36.875587463378906
91868310,2022,2022-09-19,9725,2022-09-08,1945,022112,,4,2,9,3500,0,3,5,,2,005,"SAN JUSTO RD","PRESCOTT RD",1584.00,E,N,A,-,N,,,,,,,,,,N,2,0,2,1,A,-,08,22107,,N,F,A,A,A,H,-,C,D,0,,,,,Y,,A,01,1,1,0,0,0,0,0,0,0,"- ","- ",36.860870361328125,-121.53603363037109,"SAN BENITO",UNINCORPORATED,-121.53514862060547,36.860477447509766
91872312,2022,2022-09-27,9725,2022-08-14,0050,022608,,7,3,9,3500,0,1,3,,2,053,SR-156,"BUENA VISTA ROAD",2112.00,E,N,A,-,Y,SBT,,156,,R,9.289,H,,R,Y,1,1,0,1,A,-,08,22107,,N,E,9,A,A,H,-,D,D,0,,,,,Y,,D,22,0,0,0,0,0,0,0,0,0,"- ","- ",36.868888854980469,-121.44239807128906,"SAN BENITO",UNINCORPORATED,-121.44227600097656,36.868877410888672
91873446,2022,2022-09-26,9725,2022-09-04,1955,022777,,7,2,9,3500,0,3,5,,2,007,"PRIVATE PROPERTY","SAN JUAN CANYON ROAD",6072.00,S,N,B,-,N,,,,,,,,,,N,2,0,1,2,B,-,22,,,N,G,B,F,A,G,-,B,D,0,Y,,,,Y,,D,22,1,0,0,0,1,0,0,0,0,"- ","- ",36.787590026855469,-121.50904083251953,"SAN BENITO",UNINCORPORATED,,
91880266,2022,2022-10-03,9725,2022-09-23,2155,022112,,5,2,9,3500,0,3,5,,2,005,"JOHN SMITH ROAD","SANTA ANA VALLEY ROAD",5280.00,W,N,A,-,N,,,,,,,,,,Y,2,0,4,1,A,-,01,23152,A,N,F,A,A,A,H,-,D,D,0,,,,,Y,Y,A,01,2,2,0,0,0,0,0,0,0,"- ","- ",36.824119567871094,-121.28890228271484,"SAN BENITO",UNINCORPORATED,-121.29962921142578,36.824310302734375
91882324,2022,2023-02-27,9725,2022-08-14,2004,022339,,7,2,9,3500,0,1,3,,2,055,SR-156,"FAIRVIEW ROAD",4800.00,W,N,A,-,Y,SBT,,156,,R,15.662,H,,R,Y,1,4,1,2,A,-,08,22107,,N,A,C,A,A,H,-,B,D,0,,,,Y,Y,,A,01,0,1,0,0,0,0,0,0,0,"- ","- ",36.920730590820312,-121.39161682128906,"SAN BENITO",UNINCORPORATED,-121.39153289794922,36.92071533203125
91913097,2022,2022-11-08,9725,2022-10-18,1740,022111,,2,2,9,3500,0,3,5,,2,007,"SALINAS ROAD","RENTON CIRCLE",1478.00,N,N,A,-,N,,,,,,,,,,Y,1,1,1,1,A,-,08,22107,,N,E,I,A,A,H,-,A,D,0,,,,,Y,Y,D,22,1,0,0,0,0,0,0,0,0,"- ","- ",36.831371307373047,-121.53971099853516,"SAN BENITO",UNINCORPORATED,-121.55083465576172,36.833339691162109
91934963,2022,2022-12-06,9725,2022-11-25,1145,022704,,5,1,4,3501,0,1,3,,1,054,"FRAIZER LAKE ROAD","BLOOMFIELD AVE.",7128.00,S,N,A,-,Y,,,,,,,,,,Y,2,0,2,2,A,-,01,23152,F,N,A,C,A,A,H,-,A,D,0,,,,,Y,,A,07,1,1,0,0,0,0,0,0,0,"- ","- ",36.963550567626953,-121.49208068847656,"SAN BENITO",HOLLISTER,,
91952899,2022,2022-12-27,9725,2022-12-11,0325,022836,,7,3,9,3500,0,1,2,,1,056,"US-101 S/B","CANNON ROAD",160.00,S,N,C,-,Y,SBT,,101,,,1.598,H,,L,Y,2,0,3,1,C,-,18,,,N,E,J,A,B,C,-,D,D,0,,,,,Y,,-,"- ",1,2,0,0,0,0,0,0,0,"- ","- ",36.859981536865234,-121.60466003417969,"SAN BENITO",UNINCORPORATED,-121.60466766357422,36.859943389892578
91956765,2022,2022-12-30,9735,2022-11-06,1050,022883,,7,1,9,3500,0,1,3,,2,052,SR-25,"LEWIS CREEK RD",10560.00,N,N,A,-,Y,SBT,,25,,,0.834,H,,R,Y,1,1,0,1,A,-,03,22350,,N,F,A,A,A,H,-,A,D,0,,,,,Y,,A,01,0,0,0,0,0,0,0,0,0,"- ","- ",36.313358306884766,-120.92861938476562,"SAN BENITO",UNINCORPORATED,-120.92866516113281,36.313339233398438
91964231,2023,2023-01-10,9725,2023-01-04,"630 ",022704,,3,1,1,3502,0,3,5,,2,007,"UNION RD","RIVERSIDE RD",2165.00,W,N,C,-,N,,,,,,,,,,N,2,0,1,2,A,-,11,21950,B,N,G,B,E,B,F,-,D,D,0,Y,,,,Y,,N,60,1,0,0,0,1,0,0,0,0,"- ","- ",36.825290679931641,-121.41248321533203,"SAN BENITO","SAN JUAN BAUTISTA",-121.42660522460938,36.824844360351562
91980217,2023,2023-01-27,9725,2023-01-17,1718,023169,,2,2,9,3500,0,3,5,,2,007,"SAN JUAN HIGHWAY","ANZAR RD",1056.00,S,N,A,-,N,,,,,,,,,,Y,2,0,1,2,A,-,09,21801,A,N,D,C,A,A,H,-,B,D,0,,,,Y,Y,,G,25,1,0,0,0,0,0,0,0,0,"- ","- ",36.871879577636719,-121.55423736572266,"SAN BENITO",UNINCORPORATED,-121.55431365966797,36.87255859375
91981794,2023,2023-01-30,9725,2023-01-14,"657 ",022571,,6,1,9,3500,0,1,3,,2,053,"SR-156 E/B","MONTEREY ST",721.00,W,N,B,C,Y,SBT,,156," "," ",1.973,H,,R,Y,1,1,0,2,A,-,08,22107,,N,E,I,A,B,H,-,D,D,0,,,,,Y,,A,01,0,0,0,0,0,0,0,0,0,"- ","- ",36.846939086914062,-121.55029296875,"SAN BENITO",UNINCORPORATED,-121.55027770996094,36.846969604492188
91993419,2023,2023-02-13,9725,2023-02-07,2305,022334,,2,3,9,3500,0,1,2,,1,056,"US-101 N/B",SR-156,3221.00,N,N,A,-,Y,SBT,,101," ",R,3.742,H,,R,N,2,0,1,2,A,-,08,22107,,F,G,B,E,A,H,-,D,D,0,Y,,,,Y,,-,99,1,0,0,0,1,0,0,0,0,"- ","- ",36.86907958984375,-121.57302093505859,"SAN BENITO",UNINCORPORATED,-121.57302856445312,36.869083404541016
91994081,2023,2023-02-14,9725,2023-02-09,2300,022111,,4,3,9,3500,0,1,3,,2,055,"SR-156 EB","US-101 NB",580.00,E,N,A,-,N,,,,,,,,,,Y,2,0,1,1,A,-,08,22107,,N,F,A,A,A,H,-,C,D,0,,,,,Y,,A,01,1,0,0,0,0,0,0,0,0,"- ","- ",36.860469818115234,-121.57717895507812,"SAN BENITO",UNINCORPORATED,-121.57711029052734,36.860549926757812
91997339,2022,2023-02-17,9725,2022-12-11,0330,022873,,7,3,9,3500,0,1,2,,1,056,"US-101 S/B","CANNON RD",581.00,S,N,C,-,Y,SBT,,101,,,1.518,H,,L,Y,1,1,2,1,C,-,18,,,N,E,J,A,B,H,-,D,D,0,,,,,Y,,-,"- ",2,0,0,0,0,0,0,0,0,"- ","- ",36.860099792480469,-121.60610961914062,"SAN BENITO",UNINCORPORATED,-121.60611724853516,36.860076904296875
92017844,2023,2023-03-14,9725,2023-03-10,"830 ",018458,,5,1,9,3500,0,1,3,,2,053,"SR-156 E/B","MONTEREY STREET",4224.00,W,N,B,C,Y,SBT,,156," "," ",1.487,H,,R,Y,2,0,1,1,A,-,03,22350,,N,E,8,A,B,H,-,A,D,0,,,,,Y,,A,01,1,0,0,0,0,0,0,0,0,"- ","- ",36.848518371582031,-121.55882263183594,"SAN BENITO",UNINCORPORATED,-121.55877685546875,36.848617553710938
92053600,2023,2023-04-26,9725,2023-04-24,1636,022571,,1,2,9,3500,0,1,3,,2,053,"SR-156 W/B","MONTEREY ST.",0.00,,Y,A,-,Y,SBT,,156," "," ",2.268,H,,L,Y,2,0,1,2,A,-,09,21801,A,N,D,C,A,A,H,-,A,D,0,,,,Y,Y,,A,07,1,0,0,0,0,0,0,0,0,"- ","- ",36.844799041748047,-121.54547882080078,"SAN BENITO",UNINCORPORATED,-121.54548645019531,36.844795227050781
92057803,2023,2023-05-01,9725,2023-04-20,2350,022985,,4,3,4,3501,0,3,5,,2,007,"FALLON RD","SCAGLIOTTI RD",370.00,E,N,A,-,N,,,,,,,,,,N,2,0,1,1,A,-,08,22107,,N,F,A,A,A,H,-,D,D,0,,,,,Y,,A,01,1,0,0,0,0,0,0,0,0,"- ","- ",36.894710540771484,-121.38356018066406,"SAN BENITO",HOLLISTER,-121.38356781005859,36.894802093505859
92087134,2023,2023-06-06,9725,2023-05-10,2045,023192,,3,2,9,3500,0,1,3,,2,055,SR-156,"SAN FELIPE RD",0.00,,Y,A,-,Y,SBT,,156," ",R,13.222,H,,R,Y,2,0,2,4,A,-,12,21453,A,N,D,C,A,A,H,-,C,D,0,,,,Y,Y,,G,27,2,0,0,0,0,0,0,0,0,"- ","- ",36.907829284667969,-121.40377807617188,"SAN BENITO",UNINCORPORATED,-121.40380096435547,36.907894134521484
92094708,2023,2023-06-15,9725,2023-05-09,2145,018458,,2,2,9,3500,0,1,3,,2,053,SR-156,"SEARLE ROAD",285.00,W,N,A,-,Y,,,,,,,,,,Y,1,1,0,1,A,-,08,22107,,N,F,A,A,A,H,-,D,D,0,,,,,Y,,A,07,0,0,0,0,0,0,0,0,0,"- ","- ",36.862621307373047,-121.58087921142578,"SAN BENITO",UNINCORPORATED,-121.58149719238281,36.862689971923828
92108474,2023,2023-07-03,9725,2023-06-29,"340 ",022111,,4,3,9,3500,0,3,5,,2,007,"SAN JUSTO ROAD","PRESCOTT ROAD",5280.00,E,N,A,-,N,,,,,,,,,,Y,2,0,1,1,A,-,08,22107,,N,F,0,A,A,H,-,D,D,0,,,,,Y,,A,01,1,0,0,0,0,0,0,0,0,"- ","- ",36.860748291015625,-121.53582000732422,"SAN BENITO",UNINCORPORATED,-121.52355194091797,36.857028961181641
92109658,2023,2023-07-10,9725,2023-07-03,"724 ",022339,,1,1,9,3500,0,1,3,,2,055,"STATE ROUTE 156","SAN FELIPE RD",2165.00,W,N,A,-,Y,SBT,,156," ",R,12.801,H,,R,Y,2,0,1,2,A,-,01,23152,A,N,A,C,A,A,H,-,A,D,0,,,,,Y,Y,A,07,1,0,0,0,0,0,0,0,0,"- ","- ",36.907600402832031,-121.41139221191406,"SAN BENITO",UNINCORPORATED,-121.41139221191406,36.907585144042969
9211484,2020,2021-01-19,3501,2020-11-30,1120,11106,3501,1,5,4,3501,0,0,0,,0,DAY,"TALBOT DR","LIGHT POST 2627",68.00,S,N,A,-,N,,,,,,,,,,Y,1,1,0,3,A,-,21,22106,,N,G,B,F,A,H,-,A,D,0,Y,,,,Y,,A,08,0,0,0,1,0,0,0,0,0,"- ","- ",,,"SAN BENITO",HOLLISTER,,
92121157,2023,2023-07-19,9725,2023-07-11,1140,019215,,2,1,9,3500,0,2,4,,1,052,"FAIRVIEW ROAD","DIXIE DR",1214.00,N,N,A,-,N,,,,,,,,,,Y,2,0,3,2,A,-,09,21804,A,N,D,C,A,A,H,-,A,D,0,,,,,Y,,D,22,3,0,0,0,0,0,0,0,0,"- ","- ",36.881088256835938,-121.36363983154297,"SAN BENITO",UNINCORPORATED,-121.36367034912109,36.881046295166016
92124407,2023,2023-07-24,9725,2023-07-19,"722 ",022571,,3,1,9,3500,0,3,5,,2,009,"SAN JUAN RD",US-101,165.00,W,N,B,-,N,,,,,,,,,,Y,2,0,1,1,A,-,03,22350,,N,F,I,A,A,H,-,A,D,0,,,,Y,Y,,G,25,1,0,0,0,0,0,0,0,0,"- ","- ",36.858470916748047,-121.62827301025391,"SAN BENITO",UNINCORPORATED,-121.6280517578125,36.858180999755859
92132749,2023,2023-10-16,9725,2023-05-05,"526 ",023192,,5,3,9,3500,0,1,3,,1,054,"STATE ROUTE 25","STATE ROUTE 156",0.00,,Y,B,-,Y,SBT,,25," "," ",54.052,H,,R,Y,1,1,2,2,A,-,09,21801,A,N,A,C,A,A,D,-,B,A,0,,,,,Y,,D,22,1,0,1,0,0,0,0,0,0,"- ","- ",36.895648956298828,-121.42738342285156,"SAN BENITO",UNINCORPORATED,-121.42739868164062,36.895641326904297
92141085,2023,2023-08-10,9725,2023-07-28,1055,023370,,5,1,9,3500,0,1,3,,1,051,"SR-25 N/B","BOLADO RD",1174.00,N,N,A,-,Y,SBT,,25," "," ",44.013,H,,R,Y,2,0,1,1,A,-,08,22107,,N,E,9,A,A,H,-,A,D,0,,,,,Y,,D,22,1,0,0,0,0,0,0,0,0,"- ","- ",36.783599853515625,-121.31432342529297,"SAN BENITO",UNINCORPORATED,-121.31420135498047,36.783634185791016
92157304,2023,2023-08-29,9735,2023-08-20,1150,022724,,7,1,9,3500,0,1,3,,2,052,SR-25,"OLD COALINGA ROAD",1056.00,N,N,B,-,Y,SBT,,25," "," ",9.681,H,,R,Y,2,0,1,1,A,-,08,22107,,N,F,0,A,A,H,-,A,D,0,,,Y,,Y,,C,02,1,0,0,0,0,0,0,0,1,"- ","- ",36.410568237304688,-120.99712371826172,"SAN BENITO",UNINCORPORATED,-120.99702453613281,36.410617828369141
92159910,2023,2023-08-31,9725,2023-08-30,1305,018458,,3,1,9,3500,0,1,3,,1,057,SR-129,"SCHOOL ROAD",230.00,E,N,A,-,Y,SBT,,129," ",R,0.449,H,,R,Y,2,0,8,2,A,-,01,23152,A,N,A,C,A,A,H,-,A,D,0,,,,,Y,Y,D,22,1,3,4,0,0,0,0,0,0,"- ","- ",36.900478363037109,-121.58975219726562,"SAN BENITO",UNINCORPORATED,-121.58975219726562,36.900478363037109
92171033,2023,2023-09-15,9725,2023-09-09,1935,022571,,6,2,9,3500,0,2,4,,1,052,"FAIRVIEW RD","MCCLOSKEY RD",372.00,N,N,A,-,N,,,,,,,,,,Y,2,0,2,2,A,-,01,23152,A,N,A,C,A,A,H,-,D,D,0,,,,,Y,Y,A,01,1,1,0,0,0,0,0,0,0,"- ","- ",36.869281768798828,-121.36366271972656,"SAN BENITO",UNINCORPORATED,-121.36367034912109,36.8692626953125
92175828,2023,2023-09-21,9725,2023-09-09,2100,023161,,6,2,9,3500,0,3,5,,2,007,"SAN JUSTO RD.","PRESCOTT RD.",1214.00,E,N,A,-,N,,,,,,,,,,Y,2,0,4,2,A,-,03,22350,,N,D,C,A,A,H,-,C,D,0,,,,,Y,,A,01,2,1,1,0,0,0,0,0,0,"- ","- ",36.86090087890625,-121.53656005859375,"SAN BENITO",UNINCORPORATED,-121.53629302978516,36.860893249511719
92183780,2023,2023-10-02,9725,2023-09-12,1600,022827,,2,2,9,3500,0,1,3,,2,053,SR-156,"MONTEREY ST",0.00,,Y,A,-,Y,SBT,,156," "," ",2.258,H,,R,Y,2,0,2,2,A,-,09,21802,A,N,D,C,A,A,H,-,A,D,0,,,,,Y,,A,07,2,0,0,0,0,0,0,0,0,"- ","- ",36.844890594482422,-121.54583740234375,"SAN BENITO",UNINCORPORATED,-121.54588317871094,36.844844818115234
92188994,2023,2023-10-03,9725,2023-09-21,1210,019215,,4,1,9,3500,0,1,3,,2,055,SR-156,"BARNHEISEL ROAD",1848.00,W,N,A,-,Y,SBT,,156," ",R,17.984,H,,R,Y,2,0,2,2,A,-,05,21460,A,N,A,C,A,A,H,-,A,D,0,,,,Y,Y,,-,"- ",1,1,0,0,0,0,0,0,0,"- ","- ",36.953498840332031,-121.38252258300781,"SAN BENITO",UNINCORPORATED,-121.38256072998047,36.953495025634766
92197119,2023,2023-10-12,9725,2023-10-02,"534 ",019331,,1,3,9,3500,0,1,3,,2,053,SR-156,"BIXBY RD",2640.00,E,N,A,-,Y,SBT,,156," "," ",5.960,H,,R,Y,2,0,2,2,A,-,05,21460,A,N,A,C,A,A,H,-,D,D,0,,,,Y,Y,,D,22,1,1,0,0,0,0,0,0,0,"- ","- ",36.84149169921875,-121.48078918457031,"SAN BENITO",UNINCORPORATED,-121.48078918457031,36.841529846191406