CASE_ID,ACCIDENT_YEAR,PROC_DATE,JURIS,COLLISION_DATE,COLLISION_TIME,OFFICER_ID,REPORTING_DISTRICT,DAY_OF_WEEK,CHP_SHIFT,POPULATION,CNTY_CITY_LOC,SPECIAL_COND,BEAT_TYPE,CHP_BEAT_TYPE,CITY_DIVISION_LAPD,CHP_BEAT_CLASS,BEAT_NUMBER,PRIMARY_RD,SECONDARY_RD,DISTANCE,DIRECTION,INTERSECTION,WEATHER_1,WEATHER_2,STATE_HWY_IND,CALTRANS_COUNTY,CALTRANS_DISTRICT,STATE_ROUTE,ROUTE_SUFFIX,POSTMILE_PREFIX,POSTMILE,LOCATION_TYPE,RAMP_INTERSECTION,SIDE_OF_HWY,TOW_AWAY,COLLISION_SEVERITY,NUMBER_KILLED,NUMBER_INJURED,PARTY_COUNT,PRIMARY_COLL_FACTOR,PCF_CODE_OF_VIOL,PCF_VIOL_CATEGORY,PCF_VIOLATION,PCF_VIOL_SUBSECTION,HIT_AND_RUN,TYPE_OF_COLLISION,MVIW,PED_ACTION,ROAD_SURFACE,ROAD_COND_1,ROAD_COND_2,LIGHTING,CONTROL_DEVICE,CHP_ROAD_TYPE,PEDESTRIAN_ACCIDENT,BICYCLE_ACCIDENT,MOTORCYCLE_ACCIDENT,TRUCK_ACCIDENT,NOT_PRIVATE_PROPERTY,ALCOHOL_INVOLVED,STWD_VEHTYPE_AT_FAULT,CHP_VEHTYPE_AT_FAULT,COUNT_SEVERE_INJ,COUNT_VISIBLE_INJ,COUNT_COMPLAINT_PAIN,COUNT_PED_KILLED,COUNT_PED_INJURED,COUNT_BICYCLIST_KILLED,COUNT_BICYCLIST_INJURED,COUNT_MC_KILLED,COUNT_MC_INJURED,PRIMARY_RAMP,SECONDARY_RAMP,LATITUDE,LONGITUDE,COUNTY,CITY,POINT_X,POINT_Y
92197677,2023,2023-10-12,9725,2023-09-26,"529 ",019215,,2,3,9,3500,0,1,3,,2,055,"SR-156 E/B","SAN FELIPE ROAD",0.00,,Y,B,-,Y,SBT,,156," ",R,13.213,H,,R,Y,2,0,2,2,A,-,12,21453,A,N,D,C,A,A,H,-,C,A,0,,,,Y,Y,,G,27,1,0,1,0,0,0,0,0,0,"- ","- ",36.907821655273438,-121.40395355224609,"SAN BENITO",UNINCORPORATED,-121.40396118164062,36.907855987548828
92278163,2023,2024-01-03,9725,2023-12-02,1958,022827,,6,2,9,3500,0,1,3,,1,054,SR-25,"SHORE RD",0.00,,Y,A,-,Y,SBT,,25," "," ",57.813,H,,R,Y,1,1,0,2,A,-,03,22350,,N,C,C,A,A,H,-,D,D,0,,,Y,,Y,,C,02,0,0,0,0,0,0,0,1,0,"- ","- ",36.931510925292969,-121.47669219970703,"SAN BENITO",UNINCORPORATED,-121.47669219970703,36.931507110595703
92308435,2024,2024-05-28,9725,2024-02-06,1355,018458,,2,1,9,3500,0,1,3,,2,053,"SR-156 E/B","ROCKS ROAD",3696.00,E,N,B,C,Y,SBT,,156," "," ",1.478,H,,R,Y,1,1,1,1,A,-,01,23152,F,N,E,I,A,B,H,-,A,D,0,,,,,Y,,A,01,0,1,0,0,0,0,0,0,0,"- ","- ",36.848628997802734,-121.55893707275391,"SAN BENITO",UNINCORPORATED,-121.55892181396484,36.848663330078125
92334713,2024,2024-03-11,9725,2024-03-02,1925,022873,,6,2,9,3500,0,1,3,,2,053,"SR-156 W/B","ROCKS ROAD",2855.00,E,N,C,-,Y,SBT,,156," "," ",1.074,H,,L,N,2,0,2,1,A,-,03,22350,,N,E,8,A,B,H,-,C,D,0,,,,,Y,,D,22,1,1,0,0,0,0,0,0,0,"- ","- ",36.851768493652344,-121.56490325927734,"SAN BENITO",UNINCORPORATED,-121.56492614746094,36.851734161376953
92339500,2024,2024-03-15,9735,2024-03-09,1302,022891,,6,1,9,3500,0,1,3,,2,052,SR-25,"COALINGA RD",33.00,N,N,A,-,N,,,,,,,,,,N,2,0,1,1,A,-,03,22350,,N,F,A,A,A,H,-,A,D,0,,,Y,,Y,,C,02,1,0,0,0,0,0,0,0,1,"- ","- ",36.407741546630859,-120.99330139160156,"SAN BENITO",UNINCORPORATED,-120.99335479736328,36.40771484375
92351330,2024,2024-04-01,9725,2024-03-23,1910,022869,,6,2,9,3500,0,3,5,,2,005,"FAIRVIEW RD","SAN FELIPE RD",0.00,,Y,A,-,N,,,,,,,,,,Y,2,0,2,1,A,-,01,23152,A,N,E,8,A,A,H,-,B,D,0,,,,,Y,Y,A,07,1,1,0,0,0,0,0,0,0,"- ","- ",36.940818786621094,-121.41116333007812,"SAN BENITO",UNINCORPORATED,-121.41095733642578,36.940750122070312
92356586,2024,2024-04-04,9725,2024-03-23,1840,022334,,6,2,9,3500,0,1,2,,1,056,"US-101 S/B","BETABEL ROAD",2600.00,S,N,B,-,Y,SBT,,101," "," ",6.009,H,,L,Y,2,0,1,2,A,-,01,23152,A,N,C,C,A,A,H,-,A,D,0,,,,,Y,Y,A,07,1,0,0,0,0,0,0,0,0,"- ","- ",36.897769927978516,-121.55661773681641,"SAN BENITO",UNINCORPORATED,-121.55659484863281,36.897769927978516
92371491,2024,2024-04-22,9725,2024-04-20,1900,022869,,6,2,9,3500,0,3,5,,2,007,"UNION RD","UNION HEIGHTS",10560.00,S,N,A,-,N,,,,,,,,,,Y,2,0,9,4,A,-,01,23152,A,N,A,C,A,A,H,-,A,D,0,,,,,Y,Y,A,01,1,1,7,0,0,0,0,0,0,"- ","- ",36.826190948486328,-121.42852020263672,"SAN BENITO",UNINCORPORATED,-121.42774200439453,36.822681427001953
92411197,2024,2024-06-11,9725,2024-05-31,1922,022873,,5,2,9,3500,0,1,2,,1,056,"US-101 N/B FROM SAN JUAN ROAD","SAN JUAN ROAD",274.00,S,N,A,-,Y,SBT,,101," "," ",0.094,H,,R,N,2,0,1,1,A,-,03,22350,,N,E,I,A,A,H,-,A,D,0,,,,Y,Y,,F,25,1,0,0,0,0,0,0,0,0,"- ","- ",36.857608795166016,-121.62844085693359,"SAN BENITO",UNINCORPORATED,-121.62849426269531,36.857688903808594
92412364,2024,2024-06-12,9725,2024-05-14,1843,022590,,2,2,9,3500,0,1,3,,2,053,"SR-156 E/B","BREEN ROAD",1850.00,W,N,A,-,Y,SBT,,156," "," ",3.469,H,,R,Y,2,0,5,6,A,-,03,22350,,N,C,C,A,A,H,-,A,D,0,,,,Y,Y,,D,22,1,4,0,0,0,0,0,0,0,"- ","- ",36.8408203125,-121.52567291259766,"SAN BENITO",UNINCORPORATED,-121.52567291259766,36.840824127197266
9276097,2021,2021-12-03,3501,2021-09-12,2147,11123,3501,7,5,4,3501,0,0,0,,0,DAY,"RT 25","MERIDIAN ST",0.00,,Y,A,-,Y,SBT,5,25,-,R,50.809,I,5,S,N,2,0,1,2,A,-,17,21208,,N,H,G,A,A,H,-,C,A,0,,Y,,,Y,,L,04,1,0,0,0,0,0,1,0,0,"- ","- ",,,"SAN BENITO",HOLLISTER,-121.390380859375,36.851974487304688
9282485,2021,2021-07-09,3501,2021-05-08,2026,11123,3501,6,5,4,3501,0,0,0,,0,SWI,"RT 25","HILLCREST RD",310.00,N,N,A,-,N,,,,,,,,,,Y,2,0,2,2,A,-,03,22350,,N,A,C,A,A,H,-,C,D,0,,,,,Y,,B,01,1,1,0,0,0,0,0,0,0,"- ","- ",,,"SAN BENITO",HOLLISTER,-121.39023590087891,36.848602294921875
9296158,2021,2021-08-10,3501,2021-06-07,0600,11126,3501,1,5,4,3501,0,0,0,,0,,"SAN BENITO ST","3RD ST",0.00,,Y,A,-,N,,,,,,,,,,Y,2,0,1,2,A,-,12,21453,A,N,H,C,A,A,H,-,A,A,0,,,,,Y,,D,22,1,0,0,0,0,0,0,0,0,"- ","- ",,,"SAN BENITO",HOLLISTER,-121.40203094482422,36.853504180908203
9377224,2021,2021-12-21,3501,2021-10-23,1309,10634,3501,6,5,4,3501,0,0,0,,0,DAY,"MERIDIAN ST","MEMORIAL DR",234.00,E,N,B,-,N,,,,,,,,,,Y,2,0,2,3,A,-,00,23103,A,N,C,C,A,A,H,-,A,A,0,,,,,Y,,A,01,1,1,0,0,0,0,0,0,0,"- ","- ",,,"SAN BENITO",HOLLISTER,-121.38282012939453,36.851680755615234
94019346,2024,2024-08-09,9725,2024-08-03,1355,022777,,6,1,9,3500,0,3,5,,2,007,"BUSINESS ROUTE 156","SAN JUAN HOLLISTER RD",0.00,,Y,A,-,N,,,,,,,,,,Y,2,0,1,2,A,-,09,21801,B,N,D,C,A,A,H,-,A,D,0,,,Y,,Y,,A,07,1,0,0,0,0,0,0,0,1,"- ","- ",36.852451324462891,-121.44479370117188,"SAN BENITO",UNINCORPORATED,,
9402131,2021,2022-03-08,3501,2021-12-30,0534,92670,3501,4,5,4,3501,0,0,0,,0,GRA,"SAN FELIPE RD","WRIGHT RD",115.00,N,N,B,-,N,,,,,,,,,,Y,2,0,2,2,A,-,03,22350,,N,C,C,A,A,H,-,C,A,0,,,,Y,Y,,A,01,2,0,0,0,0,0,0,0,0,"- ","- ",,,"SAN BENITO",HOLLISTER,-121.40120697021484,36.869686126708984
9418092,2022,2022-03-21,3501,2022-01-05,1811,10653,3501,3,5,4,3501,0,0,0,,0,GRA,"SAN FELIPE RD","SAN BENITO ST",255.00,S,N,A,-,N,,,,,,,,,,N,2,0,1,2,A,-,05,21202,A,N,C,G,A,A,H,-,D,D,0,,Y,,,Y,,L,04,1,0,0,0,0,0,1,0,0,"- ","- ",,,"SAN BENITO",HOLLISTER,-121.40191650390625,36.856670379638672
94369157,2024,2024-08-26,9725,2024-08-16,"150 ",022882,,5,3,9,3500,0,3,5,,2,007,"ANZAR ROAD","SAN JUAN HIGHWAY",2112.00,W,N,A,-,N,,,,,,,,,,Y,2,0,1,1,A,-,03,22350,,N,E,8,A,A,H,-,D,D,0,,,,,Y,,A,01,1,0,0,0,0,0,0,0,0,"- ","- ",36.875381469726562,-121.56334686279297,"SAN BENITO",UNINCORPORATED,-121.56156158447266,36.87542724609375
94378856,2024,2024-09-03,9725,2024-08-22,2242,023415,,4,3,9,3500,0,1,3,,2,055,"SR-156 E/B","BARNHEISEL RD",1584.00,E,N,A,-,Y,SBT,,156," ",R,18.424,H,,R,N,2,0,1,3,A,-,03,22350,,N,B,C,E,A,H,-,D,D,0,Y,,,Y,Y,,G,27,1,0,0,0,1,0,0,0,0,"- ","- ",36.959598541259766,-121.38358306884766,"SAN BENITO",UNINCORPORATED,-121.38361358642578,36.959602355957031
94389742,2024,2024-09-11,9725,2024-09-02,1610,022777,,1,2,9,3500,0,1,3,,1,054,"SR-25 W/B","SAN FELIPE RD",53.00,W,N,A,-,Y,SBT,,25," ",R,52.239,H,,L,Y,2,0,1,2,A,-,09,21453,B,N,B,2,A,A,H,-,A,D,0,,,Y,,Y,,C,02,1,0,0,0,0,0,0,0,1,"- ","- ",36.865318298339844,-121.40171813964844,"SAN BENITO",UNINCORPORATED,-121.40174865722656,36.865203857421875
94406056,2024,2024-09-24,9725,2024-06-19,"355 ",022590,,3,3,9,3500,0,2,4,,1,052,"SHORE ROAD","LAKE ROAD",528.00,E,N,A,-,N,,,,,,,,,,N,1,1,1,2,A,-,05,21651,A,N,A,C,A,A,H,-,D,D,0,,,,,Y,,A,01,0,1,0,0,0,0,0,0,0,"- ","- ",36.942890167236328,-121.44387817382812,"SAN BENITO",UNINCORPORATED,-121.44471740722656,36.942733764648438
94433856,2024,2024-10-16,9725,2024-10-04,2223,023545,,5,3,9,3500,0,3,5,,2,005,"BROWNS VALLEY RD","PANOCHE RD",4752.00,N,N,A,-,N,,,,,,,,,,Y,2,0,3,1,A,-,01,23152,A,N,E,8,A,A,H,-,D,D,0,,,,,Y,Y,D,22,3,0,0,0,0,0,0,0,0,"- ","- ",36.711620330810547,-121.23014831542969,"SAN BENITO",UNINCORPORATED,-121.2305908203125,36.711166381835938
94453537,2024,2024-11-01,9725,2024-10-24,1500,019331,,4,2,9,3500,0,3,5,,2,005,"PANOCHE RD","LITTLE PANOCHE RD",17424.00,N,N,A,-,N,,,,,,,,,,N,2,0,1,1,A,-,03,22350,,N,F,A,A,A,H,-,A,D,0,,,Y,,Y,,C,02,1,0,0,0,0,0,0,0,1,"- ","- ",36.613391876220703,-120.93657684326172,"SAN BENITO",UNINCORPORATED,-120.87661743164062,36.606788635253906
94493868,2024,2024-12-05,9725,2024-11-17,1040,023919,,7,1,9,3500,0,1,3,,1,051,SR-25,"WILLOW CREEK 112 RD",4382.00,N,N,A,-,Y,SBT,,25," "," ",29.047,H,,R,Y,2,0,1,1,A,-,03,22350,,N,F,A,A,A,H,-,A,D,0,,,Y,,Y,,C,02,1,0,0,0,0,0,0,0,1,"- ","- ",36.604660034179688,-121.19747161865234,"SAN BENITO",UNINCORPORATED,-121.19745635986328,36.604671478271484
94510036,2024,2024-12-19,9725,2024-11-29,1313,022777,,5,1,9,3500,0,1,2,,1,056,"US-101 NORTHBOUND","ROCKS RD",0.00,,Y,A,-,Y,SBT,,101," "," ",1.631,H,,R,Y,2,0,3,2,A,-,09,21802,A,N,D,2,A,A,H,-,A,D,0,,,,,Y,,A,01,2,0,1,0,0,0,0,0,0,"- ","- ",36.859619140625,-121.60408782958984,"SAN BENITO",UNINCORPORATED,-121.60409545898438,36.859600067138672
94546462,2024,2025-01-22,9725,2024-11-06,1755,023169,,3,2,9,3500,0,1,3,,1,057,"SR-129 E/B","SCHOOL RD",1056.00,W,N,A,-,Y,SBT,,129," "," ",0.173,H,,R,Y,2,0,1,2,A,-,03,22350,,N,D,9,A,A,H,-,B,D,0,,,Y,,Y,,C,02,1,0,0,0,0,0,0,0,1,"- ","- ",36.899738311767578,-121.59461212158203,"SAN BENITO",UNINCORPORATED,-121.59461975097656,36.899776458740234
94552989,2025,2025-01-28,9725,2025-01-01,"150 ",022111,,3,3,9,3500,0,1,3,,1,054,SR-25,"SAN FELIPE ROAD",2112.00,S,N,A,-,Y,SBT,,25," ",R,51.720,H,,R,Y,2,0,1,1,A,-,08,22107,,N,F,A,A,A,H,-,C,D,0,,,,,Y,,D,22,1,0,0,0,0,0,0,0,0,"- ","- ",36.864410400390625,-121.39267730712891,"SAN BENITO",UNINCORPORATED,-121.39255523681641,36.864597320556641
94607890,2024,2025-03-18,9725,2024-06-02,"220 ",022869,,7,3,9,3500,0,3,5,,2,005,"FRAZIER LAKE ROAD","BLOOMFIELD AVENUE",8976.00,S,N,A,-,N,,,,,,,,,,Y,1,1,0,1,A,-,08,22107,,N,F,A,A,A,H,-,D,D,0,,,,,Y,,A,01,0,0,0,0,0,0,0,0,0,"- ","- ",36.960590362548828,-121.48735046386719,"SAN BENITO",UNINCORPORATED,,
94630691,2024,2025-03-28,9725,2024-03-15,"730 ",023538,,5,1,9,3500,0,1,2,,1,056,"UNITED STATES HIGHWAY 101 NORTHBOUND","ROCKS ROAD",581.00,S,N,A,-,Y,SBT,,101," "," ",1.492,H,,R,Y,1,1,0,1,C,-,18,,,N,H,8,A,A,H,-,A,D,0,,,,,Y,,-,"- ",0,0,0,0,0,0,0,0,0,"- ","- ",36.859828948974609,-121.60643768310547,"SAN BENITO",UNINCORPORATED,-121.60643768310547,36.859844207763672
94634072,2025,2025-04-02,9725,2025-02-02,1748,023169,,7,2,1,3502,0,1,2,,1,056,"SR-129 EB",US-101,528.00,E,N,B,-,Y,,,,,,,,,,N,2,0,1,1,A,-,01,23152,A,N,F,A,A,A,H,-,D,D,0,,,Y,,Y,Y,C,02,1,0,0,0,0,0,0,0,1,"- ","- ",36.882118225097656,-121.56062316894531,"SAN BENITO","SAN JUAN BAUTISTA",-120.75157928466797,35.809642791748047
94663292,2024,2025-04-24,9725,2024-08-30,2008,022869,,5,2,9,3500,0,1,3,,1,054,"STATE ROUTE 25","SHORE ROAD",1000.00,S,N,A,-,Y,SBT,,25," "," ",57.604,H,,R,Y,1,1,2,2,A,-,01,23152,A,N,A,C,A,A,H,-,B,D,0,,,,,Y,Y,D,22,2,0,0,0,0,0,0,0,0,"- ","- ",36.930019378662109,-121.47341918945312,"SAN BENITO",UNINCORPORATED,-121.47344970703125,36.929973602294922
9468839,2023,2023-09-12,3501,2023-06-03,1503,1163,3501,6,5,4,3501,0,0,0,,0,DAY,"SUNNYSLOPE RD","BEVERLY DR",0.00,,Y,A,-,N,,,,,,,,,,Y,2,0,2,3,A,-,09,21801,A,N,A,C,A,A,H,-,A,A,0,,,,,Y,,A,01,1,0,1,0,0,0,0,0,0,"- ","- ",,,"SAN BENITO",HOLLISTER,-121.36789703369141,36.839187622070312
94704110,2025,2025-05-28,9725,2025-04-26,1235,024210,,6,1,9,3500,0,3,5,,2,005,"CIENEGA RD","OLD RANCH RD",528.00,E,N,A,-,N,,,,,,,,,,N,2,0,1,1,A,-,03,22350,,N,F,A,A,A,H,-,A,D,0,,,Y,,Y,,C,02,1,0,0,0,0,0,0,0,1,"- ","- ",36.787151336669922,-121.43631744384766,"SAN BENITO",UNINCORPORATED,,
94709420,2025,2025-06-02,9725,2025-05-03,1340,023538,,6,1,9,3500,0,3,5,,2,007,"SAN JUSTO RD","SAN JUAN HWY",0.00,,Y,B,-,N,,,,,,,,,,Y,2,0,3,2,A,-,01,23152,A,N,C,C,A,A,H,-,A,A,0,,,,,Y,Y,D,22,1,0,2,0,0,0,0,0,0,"- ","- ",36.876110076904297,-121.55426788330078,"SAN BENITO",UNINCORPORATED,-121.55435943603516,36.876220703125
94713599,2024,2025-06-04,9735,2024-11-17,1740,023497,,7,2,9,3500,0,3,5,,2,005,"NEW IDRIA RD","PANOCHE RD",70224.00,S,N,A,-,N,,,,,,,,,,Y,1,1,3,1,A,-,03,22350,,N,E,I,A,A,H,-,D,D,0,,,,,Y,Y,A,42,0,3,0,0,0,0,0,0,0,"- ","- ",36.473140716552734,-120.74314117431641,"SAN BENITO",UNINCORPORATED,-120.74300384521484,36.472995758056641
94713629,2024,2025-06-04,9725,2024-11-03,"555 ",023921,,7,3,9,3500,0,1,2,,1,056,"UNITED STATES HIGHWAY 101 NORTH BOUND","STATE ROUTE 129",528.00,S,N,A,-,Y,SBT,,101," ",R,4.700,H,,R,Y,1,1,0,1,A,-,01,23152,G,N,F,A,A,A,H,-,B,D,0,,,,,Y,Y,A,07,0,0,0,0,0,0,0,0,0,"- ","- ",36.879970550537109,-121.56314849853516,"SAN BENITO",UNINCORPORATED,-121.56315612792969,36.879974365234375
94731161,2024,2025-06-18,9725,2024-08-25,"624 ",022827,,7,1,9,3500,0,1,3,,2,053,"STATE ROUTE 156","FLINT ROAD",405.00,E,N,B,-,Y,SBT,,156," "," ",6.509,H,,R,Y,1,1,1,2,A,-,05,21650,,N,A,C,A,A,H,-,B,D,0,,,,,Y,,D,22,0,0,1,0,0,0,0,0,0,"- ","- ",36.841648101806641,-121.47090911865234,"SAN BENITO",UNINCORPORATED,-121.47090911865234,36.841644287109375
9473564,2022,2022-08-12,3501,2022-06-03,2029,11102,3501,5,5,4,3501,0,0,0,,0,GRA,"MCCRAY ST","LIGHT POLE #2038",128.00,S,N,A,-,N,,,,,,,,,,Y,2,0,1,2,A,-,09,21804,A,N,F,C,A,A,H,-,C,D,0,,,Y,,Y,,A,07,1,0,0,0,0,0,0,0,1,"- ","- ",,,"SAN BENITO",HOLLISTER,,
9474150,2022,2022-08-19,3501,2022-05-14,1437,10668,3501,6,5,4,3501,0,0,0,,0,DAY,"SAN FELIPE RD","FLORA AV",0.00,,Y,A,-,N,,,,,,,,,,Y,2,0,1,2,A,-,09,21801,A,N,D,C,A,A,H,-,A,D,0,,,Y,,Y,,A,07,1,0,0,0,0,0,0,0,1,"- ","- ",,,"SAN BENITO",HOLLISTER,-121.40158081054688,36.860050201416016
94777421,2024,2025-08-19,9725,2024-08-26,"954 ",022334,,1,1,9,3500,0,1,3,,1,054,"STATE ROUTE 25","BOLSA ROAD",5227.00,S,N,A,-,Y,SBT,,25," "," ",59.718,H,,R,Y,1,1,1,2,A,-,05,21651,A,N,A,C,A,A,H,-,A,D,0,,,,Y,Y,,G,25,1,0,0,0,0,0,0,0,0,"- ","- ",36.945560455322266,-121.50643157958984,"SAN BENITO",UNINCORPORATED,-121.50642395019531,36.945571899414062
9482201,2022,2022-08-12,3501,2022-05-23,0318,11123,3501,1,5,4,3501,0,0,0,,0,GRA,"SANTA ANA RD","POLE 2079",0.00,,Y,A,-,N,,,,,,,,,,Y,2,0,2,3,A,-,11,21950,B,N,C,B,E,A,H,-,C,D,0,Y,,,,Y,Y,N,60,1,0,1,0,1,0,0,0,0,"- ","- ",,,"SAN BENITO",HOLLISTER,,
94827978,2025,2025-09-03,9725,2025-04-19,2015,024023,,6,2,9,3500,0,1,3,,1,051,SR-25,"BEST RD",1584.00,S,N,A,-,Y,SBT,,25," "," ",46.243,H,,R,Y,2,0,2,2,A,-,01,23152,A,N,A,C,A,A,H,-,D,D,0,,,,,Y,Y,A,01,2,0,0,0,0,0,0,0,0,"- ","- ",36.805618286132812,-121.34210968017578,"SAN BENITO",UNINCORPORATED,-121.34207916259766,36.805641174316406
9504144,2022,2022-10-28,3501,2022-09-05,1957,11112,3501,1,5,4,3501,0,0,0,,0,GRA,"4TH ST","GRAF RD",54.00,E,N,A,-,N,,,,,,,,,,N,1,1,0,2,A,-,11,21954,A,N,G,B,D,A,H,-,E,A,0,Y,,,,Y,,N,60,0,0,0,1,0,0,0,0,0,"- ","- ",,,"SAN BENITO",HOLLISTER,,
9504145,2022,2022-11-01,3501,2022-08-24,0917,11096,3501,3,5,4,3501,0,0,0,,0,DAY,"RT 25","PLAZA DR",287.00,N,N,A,-,Y,SBT,5,25,-,R,49.850,H,-,S,N,1,1,0,2,A,-,05,21650,,N,D,G,A,A,H,-,A,D,0,,Y,,,Y,Y,L,04,0,0,0,0,0,1,0,0,0,"- ","- ",,,"SAN BENITO",HOLLISTER,-121.39009857177734,36.837787628173828
9505754,2022,2022-11-08,3501,2022-08-20,1702,11096,3501,6,5,4,3501,0,0,0,,0,DAY,"SALLY ST","4TH ST",0.00,,Y,A,-,N,,,,,,,,,,Y,2,0,1,2,A,-,05,21650,,N,G,G,A,A,H,-,B,A,0,,Y,,,Y,,L,04,1,0,0,0,0,0,1,0,0,"- ","- ",,,"SAN BENITO",HOLLISTER,-121.40007019042969,36.852462768554688
9549567,2023,2023-04-21,3501,2023-01-09,1925,11106,3501,1,5,4,3501,0,0,0,,0,GRA,"TRES PINOS RD","LADD LN",30.00,W,N,B,-,N,,,,,,,,,,N,2,0,1,2,A,-,11,21456,B,N,G,B,D,B,H,-,C,A,0,Y,,,,Y,,N,60,1,0,0,0,1,0,0,0,0,"- ","- ",,,"SAN BENITO",HOLLISTER,-121.39282989501953,36.839366912841797
9558548,2023,2023-03-17,3501,2023-01-17,"748 ",11123,3501,2,5,4,3501,0,0,0,,0,DAY,"CIENEGA RD","EASTVIEW DR",117.00,S,N,A,-,N,,,,,,,,,,N,2,0,1,2,A,-,03,22350,,M,G,B,E,A,H,-,A,D,0,Y,,,,Y,,A,07,1,0,0,0,1,0,0,0,0,"- ","- ",,,"SAN BENITO",HOLLISTER,-121.40091705322266,36.833049774169922
9614098,2023,2023-09-25,3501,2023-07-22,1531,11196,3501,6,5,4,3501,0,0,0,,0,DAY,"SOUTH ST","E ST",67.00,W,N,A,-,N,,,,,,,,,,Y,2,0,1,3,A,-,01,23152,A,N,C,C,A,A,H,-,A,A,0,,,,,Y,Y,A,01,1,0,0,0,0,0,0,0,0,"- ","- ",,,"SAN BENITO",HOLLISTER,,
9647681,2023,2023-12-16,3501,2023-10-24,2200,11108,3501,2,5,4,3501,0,0,0,,0,GRA,"ENTERPRISE RD","AIRLINE HY",109.00,E,N,A,-,N,,,,,,,,,,N,2,0,1,2,A,-,08,22107,,F,G,B,F,A,H,-,D,D,0,Y,,,,Y,,A,01,1,0,0,0,1,0,0,0,0,"- ","- ",,,"SAN BENITO",HOLLISTER,-121.37116241455078,36.820026397705078
9683092,2023,2024-05-01,3501,2023-11-17,"139 ",11162,3501,5,5,4,3501,0,0,0,,0,GRA,"600 BLOCK FOURTH STREET","POWELL ST",0.00,,Y,A,-,N,,,,,,,,,,Y,2,0,3,4,A,-,01,23153,B,N,D,C,A,A,H,-,C,A,0,,,,,Y,Y,A,01,1,0,2,0,0,0,0,0,0,"- ","- ",,,"SAN BENITO",HOLLISTER,-121.40760040283203,36.852622985839844
9717476,2024,2024-09-27,3501,2024-03-22,"232 ",11145,3501,5,5,4,3501,0,0,0,,0,GRA,"RT 156","RT 156 2800 BLK",0.00,,N,A,-,Y,SBT,5,156,-,-,1.700,H,-,W,Y,2,0,2,1,A,-,03,22350,,N,H,J,A,A,H,-,C,D,0,,,,,Y,,B,01,1,1,0,0,0,0,0,0,0,"- ","- ",,,"SAN BENITO",HOLLISTER,-121.55477142333984,36.848030090332031
9719228,2024,2024-08-29,3501,2024-06-05,1532,01493,3501,3,5,4,3501,0,0,0,,0,DAY,"RT 25","HILLCREST RD",62.00,N,N,A,-,Y,SBT,5,25,-,R,50.530,H,-,N,Y,2,0,5,4,A,-,00,23103,A,N,A,C,A,A,H,-,A,A,0,,,,,Y,,A,01,1,1,3,0,0,0,0,0,0,"- ","- ",,,"SAN BENITO",HOLLISTER,-121.39018249511719,36.847908020019531
9738868,2024,2024-10-18,3501,2024-07-10,2120,11108,3501,3,5,4,3501,0,0,0,,0,GRA,"HILLCREST RD","RT 25",0.00,,Y,A,-,Y,,,,,,,,,,Y,1,1,0,2,A,-,03,22350,,N,D,C,A,A,H,-,A,A,0,,,,,Y,,A,01,0,0,0,0,0,0,0,0,0,"- ","- ",,,"SAN BENITO",HOLLISTER,-121.39028167724609,36.847747802734375
9747103,2024,2024-11-06,3501,2024-09-16,1239,01493,3501,1,5,4,3501,0,0,0,,0,DAY,"NASH RD","SAN BENITO ST",0.00,,Y,B,-,N,,,,,,,,,,N,2,0,1,2,A,-,05,21650,,N,D,D,A,B,H,-,A,A,0,,,,,Y,,M,94,1,0,0,0,0,0,0,0,0,"- ","- ",,,"SAN BENITO",HOLLISTER,-121.40248107910156,36.839790344238281
9767704,2024,2025-03-05,3501,2024-10-28,"658 ",11226,3501,1,5,4,3501,0,0,0,,0,DAY,"SAN FELIPE RD","RT 25",0.00,,N,A,-,N,,,,,,,,,,N,2,0,1,2,A,-,05,21650,1,N,H,G,A,A,H,-,B,D,0,,Y,,,Y,,L,04,1,0,0,0,0,0,1,0,0,"- ","- ",,,"SAN BENITO",HOLLISTER,-121.40145874023438,36.865196228027344